-- Adminer 4.8.1 MySQL 5.5.5-10.6.12-MariaDB-0ubuntu0.22.04.1 dump

SET NAMES utf8;
SET time_zone = '+00:00';
SET foreign_key_checks = 0;
SET sql_mode = 'NO_AUTO_VALUE_ON_ZERO';

USE `school4`;

SET NAMES utf8mb4;

DROP TABLE IF EXISTS `alembic_version`;
CREATE TABLE `alembic_version` (
  `version_num` varchar(32) NOT NULL,
  PRIMARY KEY (`version_num`)
) ENGINE=InnoDB DEFAULT CHARSET=utf8mb4 COLLATE=utf8mb4_general_ci;


DROP TABLE IF EXISTS `faculty`;
CREATE TABLE `faculty` (
  `faculty_id` int(11) NOT NULL AUTO_INCREMENT,
  `name` varchar(255) DEFAULT NULL,
  `department` varchar(255) DEFAULT NULL,
  `role` varchar(255) DEFAULT NULL,
  `phone_number` varchar(20) DEFAULT NULL,
  `email` varchar(255) DEFAULT NULL,
  `address` varchar(255) DEFAULT NULL,
  `address2` varchar(255) DEFAULT NULL,
  `city` varchar(255) DEFAULT NULL,
  `state` varchar(255) DEFAULT NULL,
  `zip` varchar(255) DEFAULT NULL,
  `emergency_contact_name` varchar(255) DEFAULT NULL,
  `emergency_contact_type` varchar(255) DEFAULT NULL,
  `emergency_contact_phone` varchar(255) DEFAULT NULL,
  PRIMARY KEY (`faculty_id`)
) ENGINE=InnoDB DEFAULT CHARSET=utf8mb4 COLLATE=utf8mb4_general_ci;

INSERT INTO `faculty` (`faculty_id`, `name`, `department`, `role`, `phone_number`, `email`, `address`, `address2`, `city`, `state`, `zip`, `emergency_contact_name`, `emergency_contact_type`, `emergency_contact_phone`) VALUES
(1,	'Larry Nocella',	'Bible',	'Chairman',	'',	'',	'',	'',	'',	'',	'',	'',	'',	''),
(2,	'Lois Gillespie',	'Computers',	'Chairman',	'',	'',	'',	'',	'',	'',	'',	'',	'',	''),
(3,	'Mark McClain',	'Science',	'Chairman',	'',	'',	'',	'',	'',	'',	'',	'',	'',	'');

DROP TABLE IF EXISTS `staff`;
CREATE TABLE `staff` (
  `staff_id` int(11) NOT NULL,
  `name` varchar(255) DEFAULT NULL,
  `phone_number` varchar(20) DEFAULT NULL,
  `email` varchar(255) DEFAULT NULL,
  `address` varchar(255) DEFAULT NULL,
  `emergency_contact` varchar(255) DEFAULT NULL,
  PRIMARY KEY (`staff_id`)
) ENGINE=InnoDB DEFAULT CHARSET=utf8mb4 COLLATE=utf8mb4_general_ci;


DROP TABLE IF EXISTS `tbl_campus`;
CREATE TABLE `tbl_campus` (
  `campus_id` int(11) NOT NULL AUTO_INCREMENT,
  `campus_name` varchar(45) NOT NULL,
  PRIMARY KEY (`campus_id`)
) ENGINE=InnoDB DEFAULT CHARSET=utf8mb4 COLLATE=utf8mb4_general_ci;

INSERT INTO `tbl_campus` (`campus_id`, `campus_name`) VALUES
(1,	'Blue Mountain'),
(2,	'Great Plains'),
(3,	'Seaside');

DROP TABLE IF EXISTS `tbl_comments`;
CREATE TABLE `tbl_comments` (
  `comment_id` int(11) NOT NULL AUTO_INCREMENT,
  `student_id` int(11) NOT NULL,
  `comment_text` varchar(2500) DEFAULT NULL,
  `comment_by` varchar(45) DEFAULT NULL,
  `comment_date` date DEFAULT NULL,
  PRIMARY KEY (`comment_id`),
  KEY `student_id` (`student_id`),
  CONSTRAINT `tbl_comments_ibfk_1` FOREIGN KEY (`student_id`) REFERENCES `tbl_student` (`student_id`)
) ENGINE=InnoDB DEFAULT CHARSET=utf8mb4 COLLATE=utf8mb4_general_ci;

INSERT INTO `tbl_comments` (`comment_id`, `student_id`, `comment_text`, `comment_by`, `comment_date`) VALUES
(1,	11,	'Jeremy is a really good kid - -very helpful and a very hard worker',	'Tim Holmes',	NULL),
(2,	11,	'comment Two',	'Tim Holmes',	'2023-10-13'),
(3,	288,	'Quad amputee due to influenza',	'TAH',	'2023-10-14'),
(4,	488,	'Amputee of right arm at the elbow',	'TAH',	'2023-10-14'),
(5,	277,	'from port clinton ohio',	'',	'2023-10-14'),
(6,	290,	'Quad Amputee due to excessive infection at age 8',	'',	'2023-10-14'),
(7,	526,	'Had an ischimic stroke -- family woken up by border collie',	NULL,	NULL);

DROP TABLE IF EXISTS `tbl_divisions`;
CREATE TABLE `tbl_divisions` (
  `division_id` int(11) NOT NULL AUTO_INCREMENT,
  `division_name` varchar(11) NOT NULL,
  PRIMARY KEY (`division_id`)
) ENGINE=InnoDB DEFAULT CHARSET=utf8mb4 COLLATE=utf8mb4_general_ci;

INSERT INTO `tbl_divisions` (`division_id`, `division_name`) VALUES
(1,	'A'),
(2,	'B'),
(3,	'C'),
(4,	'D'),
(5,	'E'),
(6,	'F'),
(7,	'G'),
(8,	'H'),
(9,	'I'),
(10,	'J');

DROP TABLE IF EXISTS `tbl_dorms`;
CREATE TABLE `tbl_dorms` (
  `dorm_id` int(11) NOT NULL AUTO_INCREMENT,
  `dorm_name` varchar(45) DEFAULT NULL,
  `dorm_phone` varchar(45) DEFAULT NULL,
  `dorm_capacity` varchar(45) DEFAULT NULL,
  `dm_id` int(11) DEFAULT NULL,
  PRIMARY KEY (`dorm_id`),
  KEY `dm_id` (`dm_id`),
  CONSTRAINT `tbl_dorms_ibfk_1` FOREIGN KEY (`dm_id`) REFERENCES `tbl_dorm_managers` (`dm_id`)
) ENGINE=InnoDB DEFAULT CHARSET=utf8mb4 COLLATE=utf8mb4_general_ci;

INSERT INTO `tbl_dorms` (`dorm_id`, `dorm_name`, `dorm_phone`, `dorm_capacity`, `dm_id`) VALUES
(1,	'Falcon Hall',	'333-222-2221',	'216',	2),
(2,	'Golden Eagle Hall',	'333-222-2222',	'216',	1),
(3,	'Bobcat Hall',	NULL,	NULL,	3),
(4,	'Snowshoe Hall',	NULL,	NULL,	4),
(5,	'Big Horn Hall',	NULL,	NULL,	5),
(6,	'Mountain Lion Hall',	NULL,	NULL,	6),
(7,	'Bison Hall',	NULL,	NULL,	7),
(8,	'Coyote Hall',	NULL,	NULL,	8),
(9,	'Wolf Dorm',	NULL,	NULL,	9),
(10,	'Bear Dorm',	NULL,	NULL,	10),
(11,	'Bald Eagle Hall',	NULL,	NULL,	11);

DROP TABLE IF EXISTS `tbl_dorm_managers`;
CREATE TABLE `tbl_dorm_managers` (
  `dm_id` int(11) NOT NULL AUTO_INCREMENT,
  `dm_name` varchar(45) DEFAULT NULL,
  `dm_phone` varchar(45) DEFAULT NULL,
  PRIMARY KEY (`dm_id`)
) ENGINE=InnoDB DEFAULT CHARSET=utf8mb4 COLLATE=utf8mb4_general_ci;

INSERT INTO `tbl_dorm_managers` (`dm_id`, `dm_name`, `dm_phone`) VALUES
(1,	'Timothy Danube',	'333-333-3333'),
(2,	'Kent Johnson',	'333-333-3334'),
(3,	'Jansen Condren',	'333-333-3335'),
(4,	'Russ Clark',	'333-333-3336'),
(5,	'Greg Davis Sr',	'333-333-3337'),
(6,	'Keith Menendez',	'333-333-3338'),
(7,	'Jeffrey Oswold',	'333-333-3339'),
(8,	'Tom Cahallen',	NULL),
(9,	'Coach Chris',	NULL),
(10,	'Ken Walters',	NULL),
(11,	'Dana Counts',	NULL);

DROP TABLE IF EXISTS `tbl_dorm_rooms`;
CREATE TABLE `tbl_dorm_rooms` (
  `droom_id` int(11) NOT NULL AUTO_INCREMENT,
  `droom_number` int(11) DEFAULT NULL,
  `droom_capacity` int(11) DEFAULT NULL,
  `droom_notes` varchar(500) DEFAULT NULL,
  `droom_phone` varchar(12) DEFAULT NULL,
  `droom_floor` varchar(12) DEFAULT NULL,
  `droom_unit` varchar(12) DEFAULT NULL,
  `dorm_id` int(11) DEFAULT NULL,
  PRIMARY KEY (`droom_id`),
  KEY `dorm_id` (`dorm_id`),
  CONSTRAINT `tbl_dorm_rooms_ibfk_1` FOREIGN KEY (`dorm_id`) REFERENCES `tbl_dorms` (`dorm_id`)
) ENGINE=InnoDB DEFAULT CHARSET=utf8mb4 COLLATE=utf8mb4_general_ci;

INSERT INTO `tbl_dorm_rooms` (`droom_id`, `droom_number`, `droom_capacity`, `droom_notes`, `droom_phone`, `droom_floor`, `droom_unit`, `dorm_id`) VALUES
(1,	101,	2,	'',	'333-222-4000',	'1',	'1a',	1),
(2,	102,	2,	'',	'333-222-4001',	'1',	'1a',	1),
(3,	103,	2,	'',	'333-222-4002',	'1',	'1a',	1),
(4,	104,	2,	'',	'333-222-4003',	'1',	'1a',	1),
(5,	105,	2,	'',	'333-222-4004',	'1',	'1a',	1),
(6,	106,	2,	'',	'333-222-4005',	'1',	'1a',	1),
(7,	107,	2,	'',	'333-222-4006',	'1',	'1a',	1),
(8,	108,	2,	'',	'333-222-4007',	'1',	'1a',	1),
(9,	109,	2,	'',	'333-222-4008',	'1',	'1a',	1),
(10,	110,	2,	'',	'333-222-4009',	'1',	'1a',	1),
(11,	111,	2,	'',	'333-222-4010',	'1',	'1a',	1),
(12,	112,	2,	'',	'333-222-4011',	'1',	'1a',	1),
(13,	113,	2,	'',	'333-222-4012',	'1',	'1a',	1),
(14,	114,	2,	'',	'333-222-4013',	'1',	'1a',	1),
(15,	115,	2,	'',	'333-222-4014',	'1',	'1a',	1),
(16,	116,	2,	'',	'333-222-4015',	'1',	'1a',	1),
(17,	117,	2,	'',	'333-222-4016',	'1',	'1a',	1),
(18,	118,	2,	'',	'333-222-4017',	'1',	'1a',	1),
(19,	119,	2,	'',	'333-222-4018',	'1',	'1a',	1),
(20,	120,	2,	'',	'333-222-4019',	'1',	'1b',	1),
(21,	121,	2,	'',	'333-222-4020',	'1',	'1b',	1),
(22,	122,	2,	'',	'333-222-4021',	'1',	'1b',	1),
(23,	123,	2,	'',	'333-222-4022',	'1',	'1b',	1),
(24,	124,	2,	'',	'333-222-4023',	'1',	'1b',	1),
(25,	125,	2,	'',	'333-222-4024',	'1',	'1b',	1),
(26,	126,	2,	'',	'333-222-4025',	'1',	'1b',	1),
(27,	127,	2,	'',	'333-222-4026',	'1',	'1b',	1),
(28,	128,	2,	'',	'333-222-4027',	'1',	'1b',	1),
(29,	129,	2,	'',	'333-222-4028',	'1',	'1b',	1),
(30,	130,	2,	'',	'333-222-4029',	'1',	'1b',	1),
(31,	131,	2,	'',	'333-222-4030',	'1',	'1b',	1),
(32,	132,	2,	'',	'333-222-4031',	'1',	'1b',	1),
(33,	133,	2,	'',	'333-222-4032',	'1',	'1b',	1),
(34,	134,	2,	'',	'333-222-4033',	'1',	'1b',	1),
(35,	135,	2,	'',	'333-222-4034',	'1',	'1b',	1),
(36,	136,	2,	'',	'333-222-4035',	'1',	'1b',	1),
(37,	137,	2,	'',	'333-222-4036',	'1',	'1b',	1),
(38,	138,	2,	'',	'333-222-4037',	'1',	'1b',	1),
(39,	201,	2,	'',	'333-222-4038',	'2',	'2a',	1),
(40,	202,	2,	'',	'333-222-4039',	'2',	'2a',	1),
(41,	203,	2,	'',	'333-222-4040',	'2',	'2a',	1),
(42,	204,	2,	'',	'333-222-4041',	'2',	'2a',	1),
(43,	205,	2,	'',	'333-222-4042',	'2',	'2a',	1),
(44,	206,	2,	'',	'333-222-4043',	'2',	'2a',	1),
(45,	207,	2,	'',	'333-222-4044',	'2',	'2a',	1),
(46,	208,	2,	'',	'333-222-4045',	'2',	'2a',	1),
(47,	209,	2,	'',	'333-222-4046',	'2',	'2a',	1),
(48,	210,	2,	'',	'333-222-4047',	'2',	'2a',	1),
(49,	211,	2,	'',	'333-222-4048',	'2',	'2a',	1),
(50,	212,	2,	'',	'333-222-4049',	'2',	'2a',	1),
(51,	213,	2,	'',	'333-222-4050',	'2',	'2a',	1),
(52,	214,	2,	'',	'333-222-4051',	'2',	'2a',	1),
(53,	215,	2,	'',	'333-222-4052',	'2',	'2a',	1),
(54,	216,	2,	'',	'333-222-4053',	'2',	'2a',	1),
(55,	217,	2,	'',	'333-222-4054',	'2',	'2a',	1),
(56,	218,	2,	'',	'333-222-4055',	'2',	'2a',	1),
(57,	219,	2,	'',	'333-222-4056',	'2',	'2a',	1),
(58,	220,	2,	'',	'333-222-4057',	'2',	'2b',	1),
(59,	221,	2,	'',	'333-222-4058',	'2',	'2b',	1),
(60,	222,	2,	'',	'333-222-4059',	'2',	'2b',	1),
(61,	223,	2,	'',	'333-222-4060',	'2',	'2b',	1),
(62,	224,	2,	'',	'333-222-4061',	'2',	'2b',	1),
(63,	225,	2,	'',	'333-222-4062',	'2',	'2b',	1),
(64,	226,	2,	'',	'333-222-4063',	'2',	'2b',	1),
(65,	227,	2,	'',	'333-222-4064',	'2',	'2b',	1),
(66,	228,	2,	'',	'333-222-4065',	'2',	'2b',	1),
(67,	229,	2,	'',	'333-222-4066',	'2',	'2b',	1),
(68,	230,	2,	'',	'333-222-4067',	'2',	'2b',	1),
(69,	231,	2,	'',	'333-222-4068',	'2',	'2b',	1),
(70,	232,	2,	'',	'333-222-4069',	'2',	'2b',	1),
(71,	233,	2,	'',	'333-222-4070',	'2',	'2b',	1),
(72,	234,	2,	'',	'333-222-4071',	'2',	'2b',	1),
(73,	235,	2,	'',	'333-222-4072',	'2',	'2b',	1),
(74,	236,	2,	'',	'333-222-4073',	'2',	'2b',	1),
(75,	237,	2,	'',	'333-222-4074',	'2',	'2b',	1),
(76,	238,	2,	'',	'333-222-4075',	'2',	'2b',	1),
(77,	301,	2,	'',	'333-222-4076',	'3',	'3a',	1),
(78,	302,	2,	'',	'333-222-4077',	'3',	'3a',	1),
(79,	303,	2,	'',	'333-222-4078',	'3',	'3a',	1),
(80,	304,	2,	'',	'333-222-4079',	'3',	'3a',	1),
(81,	305,	2,	'',	'333-222-4080',	'3',	'3a',	1),
(82,	306,	2,	'',	'333-222-4081',	'3',	'3a',	1),
(83,	307,	2,	'',	'333-222-4082',	'3',	'3a',	1),
(84,	308,	2,	'',	'333-222-4083',	'3',	'3a',	1),
(85,	309,	2,	'',	'333-222-4084',	'3',	'3a',	1),
(86,	310,	2,	'',	'333-222-4085',	'3',	'3a',	1),
(87,	311,	2,	'',	'333-222-4086',	'3',	'3a',	1),
(88,	312,	2,	'',	'333-222-4087',	'3',	'3a',	1),
(89,	313,	2,	'',	'333-222-4088',	'3',	'3a',	1),
(90,	314,	2,	'',	'333-222-4089',	'3',	'3a',	1),
(91,	315,	2,	'',	'333-222-4090',	'3',	'3a',	1),
(92,	316,	2,	'',	'333-222-4091',	'3',	'3a',	1),
(93,	317,	2,	'',	'333-222-4092',	'3',	'3a',	1),
(94,	318,	2,	'',	'333-222-4093',	'3',	'3a',	1),
(95,	319,	2,	'',	'333-222-4094',	'3',	'3a',	1),
(96,	320,	2,	'',	'333-222-4095',	'3',	'3b',	1),
(97,	321,	2,	'',	'333-222-4096',	'3',	'3b',	1),
(98,	322,	2,	'',	'333-222-4097',	'3',	'3b',	1),
(99,	323,	2,	'',	'333-222-4098',	'3',	'3b',	1),
(100,	324,	2,	'',	'333-222-4099',	'3',	'3b',	1),
(101,	325,	2,	'',	'333-222-4100',	'3',	'3b',	1),
(102,	326,	2,	'',	'333-222-4101',	'3',	'3b',	1),
(103,	327,	2,	'',	'333-222-4102',	'3',	'3b',	1),
(104,	328,	2,	'',	'333-222-4103',	'3',	'3b',	1),
(105,	329,	2,	'',	'333-222-4104',	'3',	'3b',	1),
(106,	330,	2,	'',	'333-222-4105',	'3',	'3b',	1),
(107,	331,	2,	'',	'333-222-4106',	'3',	'3b',	1),
(108,	332,	2,	'',	'333-222-4107',	'3',	'3b',	1),
(109,	333,	2,	'',	'333-222-4108',	'3',	'3b',	1),
(110,	334,	2,	'',	'333-222-4109',	'3',	'3b',	1),
(111,	335,	2,	'',	'333-222-4110',	'3',	'3b',	1),
(112,	336,	2,	'',	'333-222-4111',	'3',	'3b',	1),
(113,	337,	2,	'',	'333-222-4112',	'3',	'3b',	1),
(114,	338,	2,	'',	'333-222-4113',	'3',	'3b',	1),
(115,	101,	2,	'',	'333-222-4114',	'1',	'1a',	2),
(116,	102,	2,	'',	'333-222-4115',	'1',	'1a',	2),
(117,	103,	2,	'',	'333-222-4116',	'1',	'1a',	2),
(118,	104,	2,	'',	'333-222-4117',	'1',	'1a',	2),
(119,	105,	2,	'',	'333-222-4118',	'1',	'1a',	2),
(120,	106,	2,	'',	'333-222-4119',	'1',	'1a',	2),
(121,	107,	2,	'',	'333-222-4120',	'1',	'1a',	2),
(122,	108,	2,	'',	'333-222-4121',	'1',	'1a',	2),
(123,	109,	2,	'',	'333-222-4122',	'1',	'1a',	2),
(124,	110,	2,	'',	'333-222-4123',	'1',	'1a',	2),
(125,	111,	2,	'',	'333-222-4124',	'1',	'1a',	2),
(126,	112,	2,	'',	'333-222-4125',	'1',	'1a',	2),
(127,	113,	2,	'',	'333-222-4126',	'1',	'1a',	2),
(128,	114,	2,	'',	'333-222-4127',	'1',	'1a',	2),
(129,	115,	2,	'',	'333-222-4128',	'1',	'1a',	2),
(130,	116,	2,	'',	'333-222-4129',	'1',	'1a',	2),
(131,	117,	2,	'',	'333-222-4130',	'1',	'1a',	2),
(132,	118,	2,	'',	'333-222-4131',	'1',	'1a',	2),
(133,	119,	2,	'',	'333-222-4132',	'1',	'1a',	2),
(134,	120,	2,	'',	'333-222-4133',	'1',	'1b',	2),
(135,	121,	2,	'',	'333-222-4134',	'1',	'1b',	2),
(136,	122,	2,	'',	'333-222-4135',	'1',	'1b',	2),
(137,	123,	2,	'',	'333-222-4136',	'1',	'1b',	2),
(138,	124,	2,	'',	'333-222-4137',	'1',	'1b',	2),
(139,	125,	2,	'',	'333-222-4138',	'1',	'1b',	2),
(140,	126,	2,	'',	'333-222-4139',	'1',	'1b',	2),
(141,	127,	2,	'',	'333-222-4140',	'1',	'1b',	2),
(142,	128,	2,	'',	'333-222-4141',	'1',	'1b',	2),
(143,	129,	2,	'',	'333-222-4142',	'1',	'1b',	2),
(144,	130,	2,	'',	'333-222-4143',	'1',	'1b',	2),
(145,	131,	2,	'',	'333-222-4144',	'1',	'1b',	2),
(146,	132,	2,	'',	'333-222-4145',	'1',	'1b',	2),
(147,	133,	2,	'',	'333-222-4146',	'1',	'1b',	2),
(148,	134,	2,	'',	'333-222-4147',	'1',	'1b',	2),
(149,	135,	2,	'',	'333-222-4148',	'1',	'1b',	2),
(150,	136,	2,	'',	'333-222-4149',	'1',	'1b',	2),
(151,	137,	2,	'',	'333-222-4150',	'1',	'1b',	2),
(152,	138,	2,	'',	'333-222-4151',	'1',	'1b',	2),
(153,	201,	2,	'',	'333-222-4152',	'2',	'2a',	2),
(154,	202,	2,	'',	'333-222-4153',	'2',	'2a',	2),
(155,	203,	2,	'',	'333-222-4154',	'2',	'2a',	2),
(156,	204,	2,	'',	'333-222-4155',	'2',	'2a',	2),
(157,	205,	2,	'',	'333-222-4156',	'2',	'2a',	2),
(158,	206,	2,	'',	'333-222-4157',	'2',	'2a',	2),
(159,	207,	2,	'',	'333-222-4158',	'2',	'2a',	2),
(160,	208,	2,	'',	'333-222-4159',	'2',	'2a',	2),
(161,	209,	2,	'',	'333-222-4160',	'2',	'2a',	2),
(162,	210,	2,	'',	'333-222-4161',	'2',	'2a',	2),
(163,	211,	2,	'',	'333-222-4162',	'2',	'2a',	2),
(164,	212,	2,	'',	'333-222-4163',	'2',	'2a',	2),
(165,	213,	2,	'',	'333-222-4164',	'2',	'2a',	2),
(166,	214,	2,	'',	'333-222-4165',	'2',	'2a',	2),
(167,	215,	2,	'',	'333-222-4166',	'2',	'2a',	2),
(168,	216,	2,	'',	'333-222-4167',	'2',	'2a',	2),
(169,	217,	2,	'',	'333-222-4168',	'2',	'2a',	2),
(170,	218,	2,	'',	'333-222-4169',	'2',	'2a',	2),
(171,	219,	2,	'',	'333-222-4170',	'2',	'2a',	2),
(172,	220,	2,	'',	'333-222-4171',	'2',	'2b',	2),
(173,	221,	2,	'',	'333-222-4172',	'2',	'2b',	2),
(174,	222,	2,	'',	'333-222-4173',	'2',	'2b',	2),
(175,	223,	2,	'',	'333-222-4174',	'2',	'2b',	2),
(176,	224,	2,	'',	'333-222-4175',	'2',	'2b',	2),
(177,	225,	2,	'',	'333-222-4176',	'2',	'2b',	2),
(178,	226,	2,	'',	'333-222-4177',	'2',	'2b',	2),
(179,	227,	2,	'',	'333-222-4178',	'2',	'2b',	2),
(180,	228,	2,	'',	'333-222-4179',	'2',	'2b',	2),
(181,	229,	2,	'',	'333-222-4180',	'2',	'2b',	2),
(182,	230,	2,	'',	'333-222-4181',	'2',	'2b',	2),
(183,	231,	2,	'',	'333-222-4182',	'2',	'2b',	2),
(184,	232,	2,	'',	'333-222-4183',	'2',	'2b',	2),
(185,	233,	2,	'',	'333-222-4184',	'2',	'2b',	2),
(186,	234,	2,	'',	'333-222-4185',	'2',	'2b',	2),
(187,	235,	2,	'',	'333-222-4186',	'2',	'2b',	2),
(188,	236,	2,	'',	'333-222-4187',	'2',	'2b',	2),
(189,	237,	2,	'',	'333-222-4188',	'2',	'2b',	2),
(190,	238,	2,	'',	'333-222-4189',	'2',	'2b',	2),
(191,	301,	2,	'',	'333-222-4190',	'3',	'3a',	2),
(192,	302,	2,	'',	'333-222-4191',	'3',	'3a',	2),
(193,	303,	2,	'',	'333-222-4192',	'3',	'3a',	2),
(194,	304,	2,	'',	'333-222-4193',	'3',	'3a',	2),
(195,	305,	2,	'',	'333-222-4194',	'3',	'3a',	2),
(196,	306,	2,	'',	'333-222-4195',	'3',	'3a',	2),
(197,	307,	2,	'',	'333-222-4196',	'3',	'3a',	2),
(198,	308,	2,	'',	'333-222-4197',	'3',	'3a',	2),
(199,	309,	2,	'',	'333-222-4198',	'3',	'3a',	2),
(200,	310,	2,	'',	'333-222-4199',	'3',	'3a',	2),
(201,	311,	2,	'',	'333-222-4200',	'3',	'3a',	2),
(202,	312,	2,	'',	'333-222-4201',	'3',	'3a',	2),
(203,	313,	2,	'',	'333-222-4202',	'3',	'3a',	2),
(204,	314,	2,	'',	'333-222-4203',	'3',	'3a',	2),
(205,	315,	2,	'',	'333-222-4204',	'3',	'3a',	2),
(206,	316,	2,	'',	'333-222-4205',	'3',	'3a',	2),
(207,	317,	2,	'',	'333-222-4206',	'3',	'3a',	2),
(208,	318,	2,	'',	'333-222-4207',	'3',	'3a',	2),
(209,	319,	2,	'',	'333-222-4208',	'3',	'3a',	2),
(210,	320,	2,	'',	'333-222-4209',	'3',	'3b',	2),
(211,	321,	2,	'',	'333-222-4210',	'3',	'3b',	2),
(212,	322,	2,	'',	'333-222-4211',	'3',	'3b',	2),
(213,	323,	2,	'',	'333-222-4212',	'3',	'3b',	2),
(214,	324,	2,	'',	'333-222-4213',	'3',	'3b',	2),
(215,	325,	2,	'',	'333-222-4214',	'3',	'3b',	2),
(216,	326,	2,	'',	'333-222-4215',	'3',	'3b',	2),
(217,	327,	2,	'',	'333-222-4216',	'3',	'3b',	2),
(218,	328,	2,	'',	'333-222-4217',	'3',	'3b',	2),
(219,	329,	2,	'',	'333-222-4218',	'3',	'3b',	2),
(220,	330,	2,	'',	'333-222-4219',	'3',	'3b',	2),
(221,	331,	2,	'',	'333-222-4220',	'3',	'3b',	2),
(222,	332,	2,	'',	'333-222-4221',	'3',	'3b',	2),
(223,	333,	2,	'',	'333-222-4222',	'3',	'3b',	2),
(224,	334,	2,	'',	'333-222-4223',	'3',	'3b',	2),
(225,	335,	2,	'',	'333-222-4224',	'3',	'3b',	2),
(226,	336,	2,	'',	'333-222-4225',	'3',	'3b',	2),
(227,	337,	2,	'',	'333-222-4226',	'3',	'3b',	2),
(228,	338,	2,	'',	'333-222-4227',	'3',	'3b',	2),
(229,	101,	2,	'',	'333-222-4228',	'1',	'1a',	3),
(230,	102,	2,	'',	'333-222-4229',	'1',	'1a',	3),
(231,	103,	2,	'',	'333-222-4230',	'1',	'1a',	3),
(232,	104,	2,	'',	'333-222-4231',	'1',	'1a',	3),
(233,	105,	2,	'',	'333-222-4232',	'1',	'1a',	3),
(234,	106,	2,	'',	'333-222-4233',	'1',	'1a',	3),
(235,	107,	2,	'',	'333-222-4234',	'1',	'1a',	3),
(236,	108,	2,	'',	'333-222-4235',	'1',	'1a',	3),
(237,	109,	2,	'',	'333-222-4236',	'1',	'1a',	3),
(238,	110,	2,	'',	'333-222-4237',	'1',	'1a',	3),
(239,	111,	2,	'',	'333-222-4238',	'1',	'1a',	3),
(240,	112,	2,	'',	'333-222-4239',	'1',	'1a',	3),
(241,	113,	2,	'',	'333-222-4240',	'1',	'1a',	3),
(242,	114,	2,	'',	'333-222-4241',	'1',	'1a',	3),
(243,	115,	2,	'',	'333-222-4242',	'1',	'1a',	3),
(244,	116,	2,	'',	'333-222-4243',	'1',	'1a',	3),
(245,	117,	2,	'',	'333-222-4244',	'1',	'1a',	3),
(246,	118,	2,	'',	'333-222-4245',	'1',	'1a',	3),
(247,	119,	2,	'',	'333-222-4246',	'1',	'1a',	3),
(248,	120,	2,	'',	'333-222-4247',	'1',	'1b',	3),
(249,	121,	2,	'',	'333-222-4248',	'1',	'1b',	3),
(250,	122,	2,	'',	'333-222-4249',	'1',	'1b',	3),
(251,	123,	2,	'',	'333-222-4250',	'1',	'1b',	3),
(252,	124,	2,	'',	'333-222-4251',	'1',	'1b',	3),
(253,	125,	2,	'',	'333-222-4252',	'1',	'1b',	3),
(254,	126,	2,	'',	'333-222-4253',	'1',	'1b',	3),
(255,	127,	2,	'',	'333-222-4254',	'1',	'1b',	3),
(256,	128,	2,	'',	'333-222-4255',	'1',	'1b',	3),
(257,	129,	2,	'',	'333-222-4256',	'1',	'1b',	3),
(258,	130,	2,	'',	'333-222-4257',	'1',	'1b',	3),
(259,	131,	2,	'',	'333-222-4258',	'1',	'1b',	3),
(260,	132,	2,	'',	'333-222-4259',	'1',	'1b',	3),
(261,	133,	2,	'',	'333-222-4260',	'1',	'1b',	3),
(262,	134,	2,	'',	'333-222-4261',	'1',	'1b',	3),
(263,	135,	2,	'',	'333-222-4262',	'1',	'1b',	3),
(264,	136,	2,	'',	'333-222-4263',	'1',	'1b',	3),
(265,	137,	2,	'',	'333-222-4264',	'1',	'1b',	3),
(266,	138,	2,	'',	'333-222-4265',	'1',	'1b',	3),
(267,	201,	2,	'',	'333-222-4266',	'2',	'2a',	3),
(268,	202,	2,	'',	'333-222-4267',	'2',	'2a',	3),
(269,	203,	2,	'',	'333-222-4268',	'2',	'2a',	3),
(270,	204,	2,	'',	'333-222-4269',	'2',	'2a',	3),
(271,	205,	2,	'',	'333-222-4270',	'2',	'2a',	3),
(272,	206,	2,	'',	'333-222-4271',	'2',	'2a',	3),
(273,	207,	2,	'',	'333-222-4272',	'2',	'2a',	3),
(274,	208,	2,	'',	'333-222-4273',	'2',	'2a',	3),
(275,	209,	2,	'',	'333-222-4274',	'2',	'2a',	3),
(276,	210,	2,	'',	'333-222-4275',	'2',	'2a',	3),
(277,	211,	2,	'',	'333-222-4276',	'2',	'2a',	3),
(278,	212,	2,	'',	'333-222-4277',	'2',	'2a',	3),
(279,	213,	2,	'',	'333-222-4278',	'2',	'2a',	3),
(280,	214,	2,	'',	'333-222-4279',	'2',	'2a',	3),
(281,	215,	2,	'',	'333-222-4280',	'2',	'2a',	3),
(282,	216,	2,	'',	'333-222-4281',	'2',	'2a',	3),
(283,	217,	2,	'',	'333-222-4282',	'2',	'2a',	3),
(284,	218,	2,	'',	'333-222-4283',	'2',	'2a',	3),
(285,	219,	2,	'',	'333-222-4284',	'2',	'2a',	3),
(286,	220,	2,	'',	'333-222-4285',	'2',	'2b',	3),
(287,	221,	2,	'',	'333-222-4286',	'2',	'2b',	3),
(288,	222,	2,	'',	'333-222-4287',	'2',	'2b',	3),
(289,	223,	2,	'',	'333-222-4288',	'2',	'2b',	3),
(290,	224,	2,	'',	'333-222-4289',	'2',	'2b',	3),
(291,	225,	2,	'',	'333-222-4290',	'2',	'2b',	3),
(292,	226,	2,	'',	'333-222-4291',	'2',	'2b',	3),
(293,	227,	2,	'',	'333-222-4292',	'2',	'2b',	3),
(294,	228,	2,	'',	'333-222-4293',	'2',	'2b',	3),
(295,	229,	2,	'',	'333-222-4294',	'2',	'2b',	3),
(296,	230,	2,	'',	'333-222-4295',	'2',	'2b',	3),
(297,	231,	2,	'',	'333-222-4296',	'2',	'2b',	3),
(298,	232,	2,	'',	'333-222-4297',	'2',	'2b',	3),
(299,	233,	2,	'',	'333-222-4298',	'2',	'2b',	3),
(300,	234,	2,	'',	'333-222-4299',	'2',	'2b',	3),
(301,	235,	2,	'',	'333-222-4300',	'2',	'2b',	3),
(302,	236,	2,	'',	'333-222-4301',	'2',	'2b',	3),
(303,	237,	2,	'',	'333-222-4302',	'2',	'2b',	3),
(304,	238,	2,	'',	'333-222-4303',	'2',	'2b',	3),
(305,	301,	2,	'',	'333-222-4304',	'3',	'3a',	3),
(306,	302,	2,	'',	'333-222-4305',	'3',	'3a',	3),
(307,	303,	2,	'',	'333-222-4306',	'3',	'3a',	3),
(308,	304,	2,	'',	'333-222-4307',	'3',	'3a',	3),
(309,	305,	2,	'',	'333-222-4308',	'3',	'3a',	3),
(310,	306,	2,	'',	'333-222-4309',	'3',	'3a',	3),
(311,	307,	2,	'',	'333-222-4310',	'3',	'3a',	3),
(312,	308,	2,	'',	'333-222-4311',	'3',	'3a',	3),
(313,	309,	2,	'',	'333-222-4312',	'3',	'3a',	3),
(314,	310,	2,	'',	'333-222-4313',	'3',	'3a',	3),
(315,	311,	2,	'',	'333-222-4314',	'3',	'3a',	3),
(316,	312,	2,	'',	'333-222-4315',	'3',	'3a',	3),
(317,	313,	2,	'',	'333-222-4316',	'3',	'3a',	3),
(318,	314,	2,	'',	'333-222-4317',	'3',	'3a',	3),
(319,	315,	2,	'',	'333-222-4318',	'3',	'3a',	3),
(320,	316,	2,	'',	'333-222-4319',	'3',	'3a',	3),
(321,	317,	2,	'',	'333-222-4320',	'3',	'3a',	3),
(322,	318,	2,	'',	'333-222-4321',	'3',	'3a',	3),
(323,	319,	2,	'',	'333-222-4322',	'3',	'3a',	3),
(324,	320,	2,	'',	'333-222-4323',	'3',	'3b',	3),
(325,	321,	2,	'',	'333-222-4324',	'3',	'3b',	3),
(326,	322,	2,	'',	'333-222-4325',	'3',	'3b',	3),
(327,	323,	2,	'',	'333-222-4326',	'3',	'3b',	3),
(328,	324,	2,	'',	'333-222-4327',	'3',	'3b',	3),
(329,	325,	2,	'',	'333-222-4328',	'3',	'3b',	3),
(330,	326,	2,	'',	'333-222-4329',	'3',	'3b',	3),
(331,	327,	2,	'',	'333-222-4330',	'3',	'3b',	3),
(332,	328,	2,	'',	'333-222-4331',	'3',	'3b',	3),
(333,	329,	2,	'',	'333-222-4332',	'3',	'3b',	3),
(334,	330,	2,	'',	'333-222-4333',	'3',	'3b',	3),
(335,	331,	2,	'',	'333-222-4334',	'3',	'3b',	3),
(336,	332,	2,	'',	'333-222-4335',	'3',	'3b',	3),
(337,	333,	2,	'',	'333-222-4336',	'3',	'3b',	3),
(338,	334,	2,	'',	'333-222-4337',	'3',	'3b',	3),
(339,	335,	2,	'',	'333-222-4338',	'3',	'3b',	3),
(340,	336,	2,	'',	'333-222-4339',	'3',	'3b',	3),
(341,	337,	2,	'',	'333-222-4340',	'3',	'3b',	3),
(342,	338,	2,	'',	'333-222-4341',	'3',	'3b',	3),
(343,	101,	2,	'',	'333-222-4342',	'1',	'1a',	4),
(344,	102,	2,	'',	'333-222-4343',	'1',	'1a',	4),
(345,	103,	2,	'',	'333-222-4344',	'1',	'1a',	4),
(346,	104,	2,	'',	'333-222-4345',	'1',	'1a',	4),
(347,	105,	2,	'',	'333-222-4346',	'1',	'1a',	4),
(348,	106,	2,	'',	'333-222-4347',	'1',	'1a',	4),
(349,	107,	2,	'',	'333-222-4348',	'1',	'1a',	4),
(350,	108,	2,	'',	'333-222-4349',	'1',	'1a',	4),
(351,	109,	2,	'',	'333-222-4350',	'1',	'1a',	4),
(352,	110,	2,	'',	'333-222-4351',	'1',	'1a',	4),
(353,	111,	2,	'',	'333-222-4352',	'1',	'1a',	4),
(354,	112,	2,	'',	'333-222-4353',	'1',	'1a',	4),
(355,	113,	2,	'',	'333-222-4354',	'1',	'1a',	4),
(356,	114,	2,	'',	'333-222-4355',	'1',	'1a',	4),
(357,	115,	2,	'',	'333-222-4356',	'1',	'1a',	4),
(358,	116,	2,	'',	'333-222-4357',	'1',	'1a',	4),
(359,	117,	2,	'',	'333-222-4358',	'1',	'1a',	4),
(360,	118,	2,	'',	'333-222-4359',	'1',	'1a',	4),
(361,	119,	2,	'',	'333-222-4360',	'1',	'1a',	4),
(362,	120,	2,	'',	'333-222-4361',	'1',	'1b',	4),
(363,	121,	2,	'',	'333-222-4362',	'1',	'1b',	4),
(364,	122,	2,	'',	'333-222-4363',	'1',	'1b',	4),
(365,	123,	2,	'',	'333-222-4364',	'1',	'1b',	4),
(366,	124,	2,	'',	'333-222-4365',	'1',	'1b',	4),
(367,	125,	2,	'',	'333-222-4366',	'1',	'1b',	4),
(368,	126,	2,	'',	'333-222-4367',	'1',	'1b',	4),
(369,	127,	2,	'',	'333-222-4368',	'1',	'1b',	4),
(370,	128,	2,	'',	'333-222-4369',	'1',	'1b',	4),
(371,	129,	2,	'',	'333-222-4370',	'1',	'1b',	4),
(372,	130,	2,	'',	'333-222-4371',	'1',	'1b',	4),
(373,	131,	2,	'',	'333-222-4372',	'1',	'1b',	4),
(374,	132,	2,	'',	'333-222-4373',	'1',	'1b',	4),
(375,	133,	2,	'',	'333-222-4374',	'1',	'1b',	4),
(376,	134,	2,	'',	'333-222-4375',	'1',	'1b',	4),
(377,	135,	2,	'',	'333-222-4376',	'1',	'1b',	4),
(378,	136,	2,	'',	'333-222-4377',	'1',	'1b',	4),
(379,	137,	2,	'',	'333-222-4378',	'1',	'1b',	4),
(380,	138,	2,	'',	'333-222-4379',	'1',	'1b',	4),
(381,	201,	2,	'',	'333-222-4380',	'2',	'2a',	4),
(382,	202,	2,	'',	'333-222-4381',	'2',	'2a',	4),
(383,	203,	2,	'',	'333-222-4382',	'2',	'2a',	4),
(384,	204,	2,	'',	'333-222-4383',	'2',	'2a',	4),
(385,	205,	2,	'',	'333-222-4384',	'2',	'2a',	4),
(386,	206,	2,	'',	'333-222-4385',	'2',	'2a',	4),
(387,	207,	2,	'',	'333-222-4386',	'2',	'2a',	4),
(388,	208,	2,	'',	'333-222-4387',	'2',	'2a',	4),
(389,	209,	2,	'',	'333-222-4388',	'2',	'2a',	4),
(390,	210,	2,	'',	'333-222-4389',	'2',	'2a',	4),
(391,	211,	2,	'',	'333-222-4390',	'2',	'2a',	4),
(392,	212,	2,	'',	'333-222-4391',	'2',	'2a',	4),
(393,	213,	2,	'',	'333-222-4392',	'2',	'2a',	4),
(394,	214,	2,	'',	'333-222-4393',	'2',	'2a',	4),
(395,	215,	2,	'',	'333-222-4394',	'2',	'2a',	4),
(396,	216,	2,	'',	'333-222-4395',	'2',	'2a',	4),
(397,	217,	2,	'',	'333-222-4396',	'2',	'2a',	4),
(398,	218,	2,	'',	'333-222-4397',	'2',	'2a',	4),
(399,	219,	2,	'',	'333-222-4398',	'2',	'2a',	4),
(400,	220,	2,	'',	'333-222-4399',	'2',	'2b',	4),
(401,	221,	2,	'',	'333-222-4400',	'2',	'2b',	4),
(402,	222,	2,	'',	'333-222-4401',	'2',	'2b',	4),
(403,	223,	2,	'',	'333-222-4402',	'2',	'2b',	4),
(404,	224,	2,	'',	'333-222-4403',	'2',	'2b',	4),
(405,	225,	2,	'',	'333-222-4404',	'2',	'2b',	4),
(406,	226,	2,	'',	'333-222-4405',	'2',	'2b',	4),
(407,	227,	2,	'',	'333-222-4406',	'2',	'2b',	4),
(408,	228,	2,	'',	'333-222-4407',	'2',	'2b',	4),
(409,	229,	2,	'',	'333-222-4408',	'2',	'2b',	4),
(410,	230,	2,	'',	'333-222-4409',	'2',	'2b',	4),
(411,	231,	2,	'',	'333-222-4410',	'2',	'2b',	4),
(412,	232,	2,	'',	'333-222-4411',	'2',	'2b',	4),
(413,	233,	2,	'',	'333-222-4412',	'2',	'2b',	4),
(414,	234,	2,	'',	'333-222-4413',	'2',	'2b',	4),
(415,	235,	2,	'',	'333-222-4414',	'2',	'2b',	4),
(416,	236,	2,	'',	'333-222-4415',	'2',	'2b',	4),
(417,	237,	2,	'',	'333-222-4416',	'2',	'2b',	4),
(418,	238,	2,	'',	'333-222-4417',	'2',	'2b',	4),
(419,	301,	2,	'',	'333-222-4418',	'3',	'3a',	4),
(420,	302,	2,	'',	'333-222-4419',	'3',	'3a',	4),
(421,	303,	2,	'',	'333-222-4420',	'3',	'3a',	4),
(422,	304,	2,	'',	'333-222-4421',	'3',	'3a',	4),
(423,	305,	2,	'',	'333-222-4422',	'3',	'3a',	4),
(424,	306,	2,	'',	'333-222-4423',	'3',	'3a',	4),
(425,	307,	2,	'',	'333-222-4424',	'3',	'3a',	4),
(426,	308,	2,	'',	'333-222-4425',	'3',	'3a',	4),
(427,	309,	2,	'',	'333-222-4426',	'3',	'3a',	4),
(428,	310,	2,	'',	'333-222-4427',	'3',	'3a',	4),
(429,	311,	2,	'',	'333-222-4428',	'3',	'3a',	4),
(430,	312,	2,	'',	'333-222-4429',	'3',	'3a',	4),
(431,	313,	2,	'',	'333-222-4430',	'3',	'3a',	4),
(432,	314,	2,	'',	'333-222-4431',	'3',	'3a',	4),
(433,	315,	2,	'',	'333-222-4432',	'3',	'3a',	4),
(434,	316,	2,	'',	'333-222-4433',	'3',	'3a',	4),
(435,	317,	2,	'',	'333-222-4434',	'3',	'3a',	4),
(436,	318,	2,	'',	'333-222-4435',	'3',	'3a',	4),
(437,	319,	2,	'',	'333-222-4436',	'3',	'3a',	4),
(438,	320,	2,	'',	'333-222-4437',	'3',	'3b',	4),
(439,	321,	2,	'',	'333-222-4438',	'3',	'3b',	4),
(440,	322,	2,	'',	'333-222-4439',	'3',	'3b',	4),
(441,	323,	2,	'',	'333-222-4440',	'3',	'3b',	4),
(442,	324,	2,	'',	'333-222-4441',	'3',	'3b',	4),
(443,	325,	2,	'',	'333-222-4442',	'3',	'3b',	4),
(444,	326,	2,	'',	'333-222-4443',	'3',	'3b',	4),
(445,	327,	2,	'',	'333-222-4444',	'3',	'3b',	4),
(446,	328,	2,	'',	'333-222-4445',	'3',	'3b',	4),
(447,	329,	2,	'',	'333-222-4446',	'3',	'3b',	4),
(448,	330,	2,	'',	'333-222-4447',	'3',	'3b',	4),
(449,	331,	2,	'',	'333-222-4448',	'3',	'3b',	4),
(450,	332,	2,	'',	'333-222-4449',	'3',	'3b',	4),
(451,	333,	2,	'',	'333-222-4450',	'3',	'3b',	4),
(452,	334,	2,	'',	'333-222-4451',	'3',	'3b',	4),
(453,	335,	2,	'',	'333-222-4452',	'3',	'3b',	4),
(454,	336,	2,	'',	'333-222-4453',	'3',	'3b',	4),
(455,	337,	2,	'',	'333-222-4454',	'3',	'3b',	4),
(456,	338,	2,	'',	'333-222-4455',	'3',	'3b',	4),
(457,	101,	2,	'',	'333-222-4456',	'1',	'1a',	11),
(458,	102,	2,	'',	'333-222-4457',	'1',	'1a',	11),
(459,	103,	2,	'',	'333-222-4458',	'1',	'1a',	11),
(460,	104,	2,	'',	'333-222-4459',	'1',	'1a',	11),
(461,	105,	2,	'',	'333-222-4460',	'1',	'1a',	11),
(462,	106,	2,	'',	'333-222-4461',	'1',	'1a',	11),
(463,	107,	2,	'',	'333-222-4462',	'1',	'1a',	11),
(464,	108,	2,	'',	'333-222-4463',	'1',	'1a',	11),
(465,	109,	2,	'',	'333-222-4464',	'1',	'1a',	11),
(466,	110,	2,	'',	'333-222-4465',	'1',	'1a',	11),
(467,	111,	2,	'',	'333-222-4466',	'1',	'1a',	11),
(468,	112,	2,	'',	'333-222-4467',	'1',	'1a',	11),
(469,	113,	2,	'',	'333-222-4468',	'1',	'1a',	11),
(470,	114,	2,	'',	'333-222-4469',	'1',	'1a',	11),
(471,	115,	2,	'',	'333-222-4470',	'1',	'1a',	11),
(472,	116,	2,	'',	'333-222-4471',	'1',	'1a',	11),
(473,	117,	2,	'',	'333-222-4472',	'1',	'1a',	11),
(474,	118,	2,	'',	'333-222-4473',	'1',	'1a',	11),
(475,	119,	2,	'',	'333-222-4474',	'1',	'1a',	11),
(476,	120,	2,	'',	'333-222-4475',	'1',	'1b',	11),
(477,	121,	2,	'',	'333-222-4476',	'1',	'1b',	11),
(478,	122,	2,	'',	'333-222-4477',	'1',	'1b',	11),
(479,	123,	2,	'',	'333-222-4478',	'1',	'1b',	11),
(480,	124,	2,	'',	'333-222-4479',	'1',	'1b',	11),
(481,	125,	2,	'',	'333-222-4480',	'1',	'1b',	11),
(482,	126,	2,	'',	'333-222-4481',	'1',	'1b',	11),
(483,	127,	2,	'',	'333-222-4482',	'1',	'1b',	11),
(484,	128,	2,	'',	'333-222-4483',	'1',	'1b',	11),
(485,	129,	2,	'',	'333-222-4484',	'1',	'1b',	11),
(486,	130,	2,	'',	'333-222-4485',	'1',	'1b',	11),
(487,	131,	2,	'',	'333-222-4486',	'1',	'1b',	11),
(488,	132,	2,	'',	'333-222-4487',	'1',	'1b',	11),
(489,	133,	2,	'',	'333-222-4488',	'1',	'1b',	11),
(490,	134,	2,	'',	'333-222-4489',	'1',	'1b',	11),
(491,	135,	2,	'',	'333-222-4490',	'1',	'1b',	11),
(492,	136,	2,	'',	'333-222-4491',	'1',	'1b',	11),
(493,	137,	2,	'',	'333-222-4492',	'1',	'1b',	11),
(494,	138,	2,	'',	'333-222-4493',	'1',	'1b',	11),
(495,	201,	2,	'',	'333-222-4494',	'2',	'2a',	11),
(496,	202,	2,	'',	'333-222-4495',	'2',	'2a',	11),
(497,	203,	2,	'',	'333-222-4496',	'2',	'2a',	11),
(498,	204,	2,	'',	'333-222-4497',	'2',	'2a',	11),
(499,	205,	2,	'',	'333-222-4498',	'2',	'2a',	11),
(500,	206,	2,	'',	'333-222-4499',	'2',	'2a',	11),
(501,	207,	2,	'',	'333-222-4500',	'2',	'2a',	11),
(502,	208,	2,	'',	'333-222-4501',	'2',	'2a',	11),
(503,	209,	2,	'',	'333-222-4502',	'2',	'2a',	11),
(504,	210,	2,	'',	'333-222-4503',	'2',	'2a',	11),
(505,	211,	2,	'',	'333-222-4504',	'2',	'2a',	11),
(506,	212,	2,	'',	'333-222-4505',	'2',	'2a',	11),
(507,	213,	2,	'',	'333-222-4506',	'2',	'2a',	11),
(508,	214,	2,	'',	'333-222-4507',	'2',	'2a',	11),
(509,	215,	2,	'',	'333-222-4508',	'2',	'2a',	11),
(510,	216,	2,	'',	'333-222-4509',	'2',	'2a',	11),
(511,	217,	2,	'',	'333-222-4510',	'2',	'2a',	11),
(512,	218,	2,	'',	'333-222-4511',	'2',	'2a',	11),
(513,	219,	2,	'',	'333-222-4512',	'2',	'2a',	11),
(514,	220,	2,	'',	'333-222-4513',	'2',	'2b',	11),
(515,	221,	2,	'',	'333-222-4514',	'2',	'2b',	11),
(516,	222,	2,	'',	'333-222-4515',	'2',	'2b',	11),
(517,	223,	2,	'',	'333-222-4516',	'2',	'2b',	11),
(518,	224,	2,	'',	'333-222-4517',	'2',	'2b',	11),
(519,	225,	2,	'',	'333-222-4518',	'2',	'2b',	11),
(520,	226,	2,	'',	'333-222-4519',	'2',	'2b',	11),
(521,	227,	2,	'',	'333-222-4520',	'2',	'2b',	11),
(522,	228,	2,	'',	'333-222-4521',	'2',	'2b',	11),
(523,	229,	2,	'',	'333-222-4522',	'2',	'2b',	11),
(524,	230,	2,	'',	'333-222-4523',	'2',	'2b',	11),
(525,	231,	2,	'',	'333-222-4524',	'2',	'2b',	11),
(526,	232,	2,	'',	'333-222-4525',	'2',	'2b',	11),
(527,	233,	2,	'',	'333-222-4526',	'2',	'2b',	11),
(528,	234,	2,	'',	'333-222-4527',	'2',	'2b',	11),
(529,	235,	2,	'',	'333-222-4528',	'2',	'2b',	11),
(530,	236,	2,	'',	'333-222-4529',	'2',	'2b',	11),
(531,	237,	2,	'',	'333-222-4530',	'2',	'2b',	11),
(532,	238,	2,	'',	'333-222-4531',	'2',	'2b',	11),
(533,	301,	2,	'',	'333-222-4532',	'3',	'3a',	11),
(534,	302,	2,	'',	'333-222-4533',	'3',	'3a',	11),
(535,	303,	2,	'',	'333-222-4534',	'3',	'3a',	11),
(536,	304,	2,	'',	'333-222-4535',	'3',	'3a',	11),
(537,	305,	2,	'',	'333-222-4536',	'3',	'3a',	11),
(538,	306,	2,	'',	'333-222-4537',	'3',	'3a',	11),
(539,	307,	2,	'',	'333-222-4538',	'3',	'3a',	11),
(540,	308,	2,	'',	'333-222-4539',	'3',	'3a',	11),
(541,	309,	2,	'',	'333-222-4540',	'3',	'3a',	11),
(542,	310,	2,	'',	'333-222-4541',	'3',	'3a',	11),
(543,	311,	2,	'',	'333-222-4542',	'3',	'3a',	11),
(544,	312,	2,	'',	'333-222-4543',	'3',	'3a',	11),
(545,	313,	2,	'',	'333-222-4544',	'3',	'3a',	11),
(546,	314,	2,	'',	'333-222-4545',	'3',	'3a',	11),
(547,	315,	2,	'',	'333-222-4546',	'3',	'3a',	11),
(548,	316,	2,	'',	'333-222-4547',	'3',	'3a',	11),
(549,	317,	2,	'',	'333-222-4548',	'3',	'3a',	11),
(550,	318,	2,	'',	'333-222-4549',	'3',	'3a',	11),
(551,	319,	2,	'',	'333-222-4550',	'3',	'3a',	11),
(552,	320,	2,	'',	'333-222-4551',	'3',	'3b',	11),
(553,	321,	2,	'',	'333-222-4552',	'3',	'3b',	11),
(554,	322,	2,	'',	'333-222-4553',	'3',	'3b',	11),
(555,	323,	2,	'',	'333-222-4554',	'3',	'3b',	11),
(556,	324,	2,	'',	'333-222-4555',	'3',	'3b',	11),
(557,	325,	2,	'',	'333-222-4556',	'3',	'3b',	11),
(558,	326,	2,	'',	'333-222-4557',	'3',	'3b',	11),
(559,	327,	2,	'',	'333-222-4558',	'3',	'3b',	11),
(560,	328,	2,	'',	'333-222-4559',	'3',	'3b',	11),
(561,	329,	2,	'',	'333-222-4560',	'3',	'3b',	11),
(562,	330,	2,	'',	'333-222-4561',	'3',	'3b',	11),
(563,	331,	2,	'',	'333-222-4562',	'3',	'3b',	11),
(564,	332,	2,	'',	'333-222-4563',	'3',	'3b',	11),
(565,	333,	2,	'',	'333-222-4564',	'3',	'3b',	11),
(566,	334,	2,	'',	'333-222-4565',	'3',	'3b',	11),
(567,	335,	2,	'',	'333-222-4566',	'3',	'3b',	11),
(568,	336,	2,	'',	'333-222-4567',	'3',	'3b',	11),
(569,	337,	2,	'',	'333-222-4568',	'3',	'3b',	11),
(570,	338,	2,	'',	'333-222-4569',	'3',	'3b',	11),
(571,	101,	2,	'',	'333-222-4570',	'1',	'1a',	5),
(572,	102,	2,	'',	'333-222-4571',	'1',	'1a',	5),
(573,	103,	2,	'',	'333-222-4572',	'1',	'1a',	5),
(574,	104,	2,	'',	'333-222-4573',	'1',	'1a',	5),
(575,	105,	2,	'',	'333-222-4574',	'1',	'1a',	5),
(576,	106,	2,	'',	'333-222-4575',	'1',	'1a',	5),
(577,	107,	2,	'',	'333-222-4576',	'1',	'1a',	5),
(578,	108,	2,	'',	'333-222-4577',	'1',	'1a',	5),
(579,	109,	2,	'',	'333-222-4578',	'1',	'1a',	5),
(580,	110,	2,	'',	'333-222-4579',	'1',	'1a',	5),
(581,	111,	2,	'',	'333-222-4580',	'1',	'1a',	5),
(582,	112,	2,	'',	'333-222-4581',	'1',	'1a',	5),
(583,	113,	2,	'',	'333-222-4582',	'1',	'1a',	5),
(584,	114,	2,	'',	'333-222-4583',	'1',	'1a',	5),
(585,	115,	2,	'',	'333-222-4584',	'1',	'1a',	5),
(586,	116,	2,	'',	'333-222-4585',	'1',	'1a',	5),
(587,	117,	2,	'',	'333-222-4586',	'1',	'1a',	5),
(588,	118,	2,	'',	'333-222-4587',	'1',	'1a',	5),
(589,	119,	2,	'',	'333-222-4588',	'1',	'1a',	5),
(590,	120,	2,	'',	'333-222-4589',	'1',	'1b',	5),
(591,	121,	2,	'',	'333-222-4590',	'1',	'1b',	5),
(592,	122,	2,	'',	'333-222-4591',	'1',	'1b',	5),
(593,	123,	2,	'',	'333-222-4592',	'1',	'1b',	5),
(594,	124,	2,	'',	'333-222-4593',	'1',	'1b',	5),
(595,	125,	2,	'',	'333-222-4594',	'1',	'1b',	5),
(596,	126,	2,	'',	'333-222-4595',	'1',	'1b',	5),
(597,	127,	2,	'',	'333-222-4596',	'1',	'1b',	5),
(598,	128,	2,	'',	'333-222-4597',	'1',	'1b',	5),
(599,	129,	2,	'',	'333-222-4598',	'1',	'1b',	5),
(600,	130,	2,	'',	'333-222-4599',	'1',	'1b',	5),
(601,	131,	2,	'',	'333-222-4600',	'1',	'1b',	5),
(602,	132,	2,	'',	'333-222-4601',	'1',	'1b',	5),
(603,	133,	2,	'',	'333-222-4602',	'1',	'1b',	5),
(604,	134,	2,	'',	'333-222-4603',	'1',	'1b',	5),
(605,	135,	2,	'',	'333-222-4604',	'1',	'1b',	5),
(606,	136,	2,	'',	'333-222-4605',	'1',	'1b',	5),
(607,	137,	2,	'',	'333-222-4606',	'1',	'1b',	5),
(608,	138,	2,	'',	'333-222-4607',	'1',	'1b',	5),
(609,	201,	2,	'',	'333-222-4608',	'2',	'2a',	5),
(610,	202,	2,	'',	'333-222-4609',	'2',	'2a',	5),
(611,	203,	2,	'',	'333-222-4610',	'2',	'2a',	5),
(612,	204,	2,	'',	'333-222-4611',	'2',	'2a',	5),
(613,	205,	2,	'',	'333-222-4612',	'2',	'2a',	5),
(614,	206,	2,	'',	'333-222-4613',	'2',	'2a',	5),
(615,	207,	2,	'',	'333-222-4614',	'2',	'2a',	5),
(616,	208,	2,	'',	'333-222-4615',	'2',	'2a',	5),
(617,	209,	2,	'',	'333-222-4616',	'2',	'2a',	5),
(618,	210,	2,	'',	'333-222-4617',	'2',	'2a',	5),
(619,	211,	2,	'',	'333-222-4618',	'2',	'2a',	5),
(620,	212,	2,	'',	'333-222-4619',	'2',	'2a',	5),
(621,	213,	2,	'',	'333-222-4620',	'2',	'2a',	5),
(622,	214,	2,	'',	'333-222-4621',	'2',	'2a',	5),
(623,	215,	2,	'',	'333-222-4622',	'2',	'2a',	5),
(624,	216,	2,	'',	'333-222-4623',	'2',	'2a',	5),
(625,	217,	2,	'',	'333-222-4624',	'2',	'2a',	5),
(626,	218,	2,	'',	'333-222-4625',	'2',	'2a',	5),
(627,	219,	2,	'',	'333-222-4626',	'2',	'2a',	5),
(628,	220,	2,	'',	'333-222-4627',	'2',	'2b',	5),
(629,	221,	2,	'',	'333-222-4628',	'2',	'2b',	5),
(630,	222,	2,	'',	'333-222-4629',	'2',	'2b',	5),
(631,	223,	2,	'',	'333-222-4630',	'2',	'2b',	5),
(632,	224,	2,	'',	'333-222-4631',	'2',	'2b',	5),
(633,	225,	2,	'',	'333-222-4632',	'2',	'2b',	5),
(634,	226,	2,	'',	'333-222-4633',	'2',	'2b',	5),
(635,	227,	2,	'',	'333-222-4634',	'2',	'2b',	5),
(636,	228,	2,	'',	'333-222-4635',	'2',	'2b',	5),
(637,	229,	2,	'',	'333-222-4636',	'2',	'2b',	5),
(638,	230,	2,	'',	'333-222-4637',	'2',	'2b',	5),
(639,	231,	2,	'',	'333-222-4638',	'2',	'2b',	5),
(640,	232,	2,	'',	'333-222-4639',	'2',	'2b',	5),
(641,	233,	2,	'',	'333-222-4640',	'2',	'2b',	5),
(642,	234,	2,	'',	'333-222-4641',	'2',	'2b',	5),
(643,	235,	2,	'',	'333-222-4642',	'2',	'2b',	5),
(644,	236,	2,	'',	'333-222-4643',	'2',	'2b',	5),
(645,	237,	2,	'',	'333-222-4644',	'2',	'2b',	5),
(646,	238,	2,	'',	'333-222-4645',	'2',	'2b',	5),
(647,	301,	2,	'',	'333-222-4646',	'3',	'3a',	5),
(648,	302,	2,	'',	'333-222-4647',	'3',	'3a',	5),
(649,	303,	2,	'',	'333-222-4648',	'3',	'3a',	5),
(650,	304,	2,	'',	'333-222-4649',	'3',	'3a',	5),
(651,	305,	2,	'',	'333-222-4650',	'3',	'3a',	5),
(652,	306,	2,	'',	'333-222-4651',	'3',	'3a',	5),
(653,	307,	2,	'',	'333-222-4652',	'3',	'3a',	5),
(654,	308,	2,	'',	'333-222-4653',	'3',	'3a',	5),
(655,	309,	2,	'',	'333-222-4654',	'3',	'3a',	5),
(656,	310,	2,	'',	'333-222-4655',	'3',	'3a',	5),
(657,	311,	2,	'',	'333-222-4656',	'3',	'3a',	5),
(658,	312,	2,	'',	'333-222-4657',	'3',	'3a',	5),
(659,	313,	2,	'',	'333-222-4658',	'3',	'3a',	5),
(660,	314,	2,	'',	'333-222-4659',	'3',	'3a',	5),
(661,	315,	2,	'',	'333-222-4660',	'3',	'3a',	5),
(662,	316,	2,	'',	'333-222-4661',	'3',	'3a',	5),
(663,	317,	2,	'',	'333-222-4662',	'3',	'3a',	5),
(664,	318,	2,	'',	'333-222-4663',	'3',	'3a',	5),
(665,	319,	2,	'',	'333-222-4664',	'3',	'3a',	5),
(666,	320,	2,	'',	'333-222-4665',	'3',	'3b',	5),
(667,	321,	2,	'',	'333-222-4666',	'3',	'3b',	5),
(668,	322,	2,	'',	'333-222-4667',	'3',	'3b',	5),
(669,	323,	2,	'',	'333-222-4668',	'3',	'3b',	5),
(670,	324,	2,	'',	'333-222-4669',	'3',	'3b',	5),
(671,	325,	2,	'',	'333-222-4670',	'3',	'3b',	5),
(672,	326,	2,	'',	'333-222-4671',	'3',	'3b',	5),
(673,	327,	2,	'',	'333-222-4672',	'3',	'3b',	5),
(674,	328,	2,	'',	'333-222-4673',	'3',	'3b',	5),
(675,	329,	2,	'',	'333-222-4674',	'3',	'3b',	5),
(676,	330,	2,	'',	'333-222-4675',	'3',	'3b',	5),
(677,	331,	2,	'',	'333-222-4676',	'3',	'3b',	5),
(678,	332,	2,	'',	'333-222-4677',	'3',	'3b',	5),
(679,	333,	2,	'',	'333-222-4678',	'3',	'3b',	5),
(680,	334,	2,	'',	'333-222-4679',	'3',	'3b',	5),
(681,	335,	2,	'',	'333-222-4680',	'3',	'3b',	5),
(682,	336,	2,	'',	'333-222-4681',	'3',	'3b',	5),
(683,	337,	2,	'',	'333-222-4682',	'3',	'3b',	5),
(684,	338,	2,	'',	'333-222-4683',	'3',	'3b',	5),
(685,	101,	2,	'',	'333-222-4684',	'1',	'1a',	6),
(686,	102,	2,	'',	'333-222-4685',	'1',	'1a',	6),
(687,	103,	2,	'',	'333-222-4686',	'1',	'1a',	6),
(688,	104,	2,	'',	'333-222-4687',	'1',	'1a',	6),
(689,	105,	2,	'',	'333-222-4688',	'1',	'1a',	6),
(690,	106,	2,	'',	'333-222-4689',	'1',	'1a',	6),
(691,	107,	2,	'',	'333-222-4690',	'1',	'1a',	6),
(692,	108,	2,	'',	'333-222-4691',	'1',	'1a',	6),
(693,	109,	2,	'',	'333-222-4692',	'1',	'1a',	6),
(694,	110,	2,	'',	'333-222-4693',	'1',	'1a',	6),
(695,	111,	2,	'',	'333-222-4694',	'1',	'1a',	6),
(696,	112,	2,	'',	'333-222-4695',	'1',	'1a',	6),
(697,	113,	2,	'',	'333-222-4696',	'1',	'1a',	6),
(698,	114,	2,	'',	'333-222-4697',	'1',	'1a',	6),
(699,	115,	2,	'',	'333-222-4698',	'1',	'1a',	6),
(700,	116,	2,	'',	'333-222-4699',	'1',	'1a',	6),
(701,	117,	2,	'',	'333-222-4700',	'1',	'1a',	6),
(702,	118,	2,	'',	'333-222-4701',	'1',	'1a',	6),
(703,	119,	2,	'',	'333-222-4702',	'1',	'1a',	6),
(704,	120,	2,	'',	'333-222-4703',	'1',	'1b',	6),
(705,	121,	2,	'',	'333-222-4704',	'1',	'1b',	6),
(706,	122,	2,	'',	'333-222-4705',	'1',	'1b',	6),
(707,	123,	2,	'',	'333-222-4706',	'1',	'1b',	6),
(708,	124,	2,	'',	'333-222-4707',	'1',	'1b',	6),
(709,	125,	2,	'',	'333-222-4708',	'1',	'1b',	6),
(710,	126,	2,	'',	'333-222-4709',	'1',	'1b',	6),
(711,	127,	2,	'',	'333-222-4710',	'1',	'1b',	6),
(712,	128,	2,	'',	'333-222-4711',	'1',	'1b',	6),
(713,	129,	2,	'',	'333-222-4712',	'1',	'1b',	6),
(714,	130,	2,	'',	'333-222-4713',	'1',	'1b',	6),
(715,	131,	2,	'',	'333-222-4714',	'1',	'1b',	6),
(716,	132,	2,	'',	'333-222-4715',	'1',	'1b',	6),
(717,	133,	2,	'',	'333-222-4716',	'1',	'1b',	6),
(718,	134,	2,	'',	'333-222-4717',	'1',	'1b',	6),
(719,	135,	2,	'',	'333-222-4718',	'1',	'1b',	6),
(720,	136,	2,	'',	'333-222-4719',	'1',	'1b',	6),
(721,	137,	2,	'',	'333-222-4720',	'1',	'1b',	6),
(722,	138,	2,	'',	'333-222-4721',	'1',	'1b',	6),
(723,	201,	2,	'',	'333-222-4722',	'2',	'2a',	6),
(724,	202,	2,	'',	'333-222-4723',	'2',	'2a',	6),
(725,	203,	2,	'',	'333-222-4724',	'2',	'2a',	6),
(726,	204,	2,	'',	'333-222-4725',	'2',	'2a',	6),
(727,	205,	2,	'',	'333-222-4726',	'2',	'2a',	6),
(728,	206,	2,	'',	'333-222-4727',	'2',	'2a',	6),
(729,	207,	2,	'',	'333-222-4728',	'2',	'2a',	6),
(730,	208,	2,	'',	'333-222-4729',	'2',	'2a',	6),
(731,	209,	2,	'',	'333-222-4730',	'2',	'2a',	6),
(732,	210,	2,	'',	'333-222-4731',	'2',	'2a',	6),
(733,	211,	2,	'',	'333-222-4732',	'2',	'2a',	6),
(734,	212,	2,	'',	'333-222-4733',	'2',	'2a',	6),
(735,	213,	2,	'',	'333-222-4734',	'2',	'2a',	6),
(736,	214,	2,	'',	'333-222-4735',	'2',	'2a',	6),
(737,	215,	2,	'',	'333-222-4736',	'2',	'2a',	6),
(738,	216,	2,	'',	'333-222-4737',	'2',	'2a',	6),
(739,	217,	2,	'',	'333-222-4738',	'2',	'2a',	6),
(740,	218,	2,	'',	'333-222-4739',	'2',	'2a',	6),
(741,	219,	2,	'',	'333-222-4740',	'2',	'2a',	6),
(742,	220,	2,	'',	'333-222-4741',	'2',	'2b',	6),
(743,	221,	2,	'',	'333-222-4742',	'2',	'2b',	6),
(744,	222,	2,	'',	'333-222-4743',	'2',	'2b',	6),
(745,	223,	2,	'',	'333-222-4744',	'2',	'2b',	6),
(746,	224,	2,	'',	'333-222-4745',	'2',	'2b',	6),
(747,	225,	2,	'',	'333-222-4746',	'2',	'2b',	6),
(748,	226,	2,	'',	'333-222-4747',	'2',	'2b',	6),
(749,	227,	2,	'',	'333-222-4748',	'2',	'2b',	6),
(750,	228,	2,	'',	'333-222-4749',	'2',	'2b',	6),
(751,	229,	2,	'',	'333-222-4750',	'2',	'2b',	6),
(752,	230,	2,	'',	'333-222-4751',	'2',	'2b',	6),
(753,	231,	2,	'',	'333-222-4752',	'2',	'2b',	6),
(754,	232,	2,	'',	'333-222-4753',	'2',	'2b',	6),
(755,	233,	2,	'',	'333-222-4754',	'2',	'2b',	6),
(756,	234,	2,	'',	'333-222-4755',	'2',	'2b',	6),
(757,	235,	2,	'',	'333-222-4756',	'2',	'2b',	6),
(758,	236,	2,	'',	'333-222-4757',	'2',	'2b',	6),
(759,	237,	2,	'',	'333-222-4758',	'2',	'2b',	6),
(760,	238,	2,	'',	'333-222-4759',	'2',	'2b',	6),
(761,	301,	2,	'',	'333-222-4760',	'3',	'3a',	6),
(762,	302,	2,	'',	'333-222-4761',	'3',	'3a',	6),
(763,	303,	2,	'',	'333-222-4762',	'3',	'3a',	6),
(764,	304,	2,	'',	'333-222-4763',	'3',	'3a',	6),
(765,	305,	2,	'',	'333-222-4764',	'3',	'3a',	6),
(766,	306,	2,	'',	'333-222-4765',	'3',	'3a',	6),
(767,	307,	2,	'',	'333-222-4766',	'3',	'3a',	6),
(768,	308,	2,	'',	'333-222-4767',	'3',	'3a',	6),
(769,	309,	2,	'',	'333-222-4768',	'3',	'3a',	6),
(770,	310,	2,	'',	'333-222-4769',	'3',	'3a',	6),
(771,	311,	2,	'',	'333-222-4770',	'3',	'3a',	6),
(772,	312,	2,	'',	'333-222-4771',	'3',	'3a',	6),
(773,	313,	2,	'',	'333-222-4772',	'3',	'3a',	6),
(774,	314,	2,	'',	'333-222-4773',	'3',	'3a',	6),
(775,	315,	2,	'',	'333-222-4774',	'3',	'3a',	6),
(776,	316,	2,	'',	'333-222-4775',	'3',	'3a',	6),
(777,	317,	2,	'',	'333-222-4776',	'3',	'3a',	6),
(778,	318,	2,	'',	'333-222-4777',	'3',	'3a',	6),
(779,	319,	2,	'',	'333-222-4778',	'3',	'3a',	6),
(780,	320,	2,	'',	'333-222-4779',	'3',	'3b',	6),
(781,	321,	2,	'',	'333-222-4780',	'3',	'3b',	6),
(782,	322,	2,	'',	'333-222-4781',	'3',	'3b',	6),
(783,	323,	2,	'',	'333-222-4782',	'3',	'3b',	6),
(784,	324,	2,	'',	'333-222-4783',	'3',	'3b',	6),
(785,	325,	2,	'',	'333-222-4784',	'3',	'3b',	6),
(786,	326,	2,	'',	'333-222-4785',	'3',	'3b',	6),
(787,	327,	2,	'',	'333-222-4786',	'3',	'3b',	6),
(788,	328,	2,	'',	'333-222-4787',	'3',	'3b',	6),
(789,	329,	2,	'',	'333-222-4788',	'3',	'3b',	6),
(790,	330,	2,	'',	'333-222-4789',	'3',	'3b',	6),
(791,	331,	2,	'',	'333-222-4790',	'3',	'3b',	6),
(792,	332,	2,	'',	'333-222-4791',	'3',	'3b',	6),
(793,	333,	2,	'',	'333-222-4792',	'3',	'3b',	6),
(794,	334,	2,	'',	'333-222-4793',	'3',	'3b',	6),
(795,	335,	2,	'',	'333-222-4794',	'3',	'3b',	6),
(796,	336,	2,	'',	'333-222-4795',	'3',	'3b',	6),
(797,	337,	2,	'',	'333-222-4796',	'3',	'3b',	6),
(798,	338,	2,	'',	'333-222-4797',	'3',	'3b',	6),
(799,	101,	2,	'',	'333-222-4798',	'1',	'1a',	7),
(800,	102,	2,	'',	'333-222-4799',	'1',	'1a',	7),
(801,	103,	2,	'',	'333-222-4800',	'1',	'1a',	7),
(802,	104,	2,	'',	'333-222-4801',	'1',	'1a',	7),
(803,	105,	2,	'',	'333-222-4802',	'1',	'1a',	7),
(804,	106,	2,	'',	'333-222-4803',	'1',	'1a',	7),
(805,	107,	2,	'',	'333-222-4804',	'1',	'1a',	7),
(806,	108,	2,	'',	'333-222-4805',	'1',	'1a',	7),
(807,	109,	2,	'',	'333-222-4806',	'1',	'1a',	7),
(808,	110,	2,	'',	'333-222-4807',	'1',	'1a',	7),
(809,	111,	2,	'',	'333-222-4808',	'1',	'1a',	7),
(810,	112,	2,	'',	'333-222-4809',	'1',	'1a',	7),
(811,	113,	2,	'',	'333-222-4810',	'1',	'1a',	7),
(812,	114,	2,	'',	'333-222-4811',	'1',	'1a',	7),
(813,	115,	2,	'',	'333-222-4812',	'1',	'1a',	7),
(814,	116,	2,	'',	'333-222-4813',	'1',	'1a',	7),
(815,	117,	2,	'',	'333-222-4814',	'1',	'1a',	7),
(816,	118,	2,	'',	'333-222-4815',	'1',	'1a',	7),
(817,	119,	2,	'',	'333-222-4816',	'1',	'1a',	7),
(818,	120,	2,	'',	'333-222-4817',	'1',	'1b',	7),
(819,	121,	2,	'',	'333-222-4818',	'1',	'1b',	7),
(820,	122,	2,	'',	'333-222-4819',	'1',	'1b',	7),
(821,	123,	2,	'',	'333-222-4820',	'1',	'1b',	7),
(822,	124,	2,	'',	'333-222-4821',	'1',	'1b',	7),
(823,	125,	2,	'',	'333-222-4822',	'1',	'1b',	7),
(824,	126,	2,	'',	'333-222-4823',	'1',	'1b',	7),
(825,	127,	2,	'',	'333-222-4824',	'1',	'1b',	7),
(826,	128,	2,	'',	'333-222-4825',	'1',	'1b',	7),
(827,	129,	2,	'',	'333-222-4826',	'1',	'1b',	7),
(828,	130,	2,	'',	'333-222-4827',	'1',	'1b',	7),
(829,	131,	2,	'',	'333-222-4828',	'1',	'1b',	7),
(830,	132,	2,	'',	'333-222-4829',	'1',	'1b',	7),
(831,	133,	2,	'',	'333-222-4830',	'1',	'1b',	7),
(832,	134,	2,	'',	'333-222-4831',	'1',	'1b',	7),
(833,	135,	2,	'',	'333-222-4832',	'1',	'1b',	7),
(834,	136,	2,	'',	'333-222-4833',	'1',	'1b',	7),
(835,	137,	2,	'',	'333-222-4834',	'1',	'1b',	7),
(836,	138,	2,	'',	'333-222-4835',	'1',	'1b',	7),
(837,	201,	2,	'',	'333-222-4836',	'2',	'2a',	7),
(838,	202,	2,	'',	'333-222-4837',	'2',	'2a',	7),
(839,	203,	2,	'',	'333-222-4838',	'2',	'2a',	7),
(840,	204,	2,	'',	'333-222-4839',	'2',	'2a',	7),
(841,	205,	2,	'',	'333-222-4840',	'2',	'2a',	7),
(842,	206,	2,	'',	'333-222-4841',	'2',	'2a',	7),
(843,	207,	2,	'',	'333-222-4842',	'2',	'2a',	7),
(844,	208,	2,	'',	'333-222-4843',	'2',	'2a',	7),
(845,	209,	2,	'',	'333-222-4844',	'2',	'2a',	7),
(846,	210,	2,	'',	'333-222-4845',	'2',	'2a',	7),
(847,	211,	2,	'',	'333-222-4846',	'2',	'2a',	7),
(848,	212,	2,	'',	'333-222-4847',	'2',	'2a',	7),
(849,	213,	2,	'',	'333-222-4848',	'2',	'2a',	7),
(850,	214,	2,	'',	'333-222-4849',	'2',	'2a',	7),
(851,	215,	2,	'',	'333-222-4850',	'2',	'2a',	7),
(852,	216,	2,	'',	'333-222-4851',	'2',	'2a',	7),
(853,	217,	2,	'',	'333-222-4852',	'2',	'2a',	7),
(854,	218,	2,	'',	'333-222-4853',	'2',	'2a',	7),
(855,	219,	2,	'',	'333-222-4854',	'2',	'2a',	7),
(856,	220,	2,	'',	'333-222-4855',	'2',	'2b',	7),
(857,	221,	2,	'',	'333-222-4856',	'2',	'2b',	7),
(858,	222,	2,	'',	'333-222-4857',	'2',	'2b',	7),
(859,	223,	2,	'',	'333-222-4858',	'2',	'2b',	7),
(860,	224,	2,	'',	'333-222-4859',	'2',	'2b',	7),
(861,	225,	2,	'',	'333-222-4860',	'2',	'2b',	7),
(862,	226,	2,	'',	'333-222-4861',	'2',	'2b',	7),
(863,	227,	2,	'',	'333-222-4862',	'2',	'2b',	7),
(864,	228,	2,	'',	'333-222-4863',	'2',	'2b',	7),
(865,	229,	2,	'',	'333-222-4864',	'2',	'2b',	7),
(866,	230,	2,	'',	'333-222-4865',	'2',	'2b',	7),
(867,	231,	2,	'',	'333-222-4866',	'2',	'2b',	7),
(868,	232,	2,	'',	'333-222-4867',	'2',	'2b',	7),
(869,	233,	2,	'',	'333-222-4868',	'2',	'2b',	7),
(870,	234,	2,	'',	'333-222-4869',	'2',	'2b',	7),
(871,	235,	2,	'',	'333-222-4870',	'2',	'2b',	7),
(872,	236,	2,	'',	'333-222-4871',	'2',	'2b',	7),
(873,	237,	2,	'',	'333-222-4872',	'2',	'2b',	7),
(874,	238,	2,	'',	'333-222-4873',	'2',	'2b',	7),
(875,	301,	2,	'',	'333-222-4874',	'3',	'3a',	7),
(876,	302,	2,	'',	'333-222-4875',	'3',	'3a',	7),
(877,	303,	2,	'',	'333-222-4876',	'3',	'3a',	7),
(878,	304,	2,	'',	'333-222-4877',	'3',	'3a',	7),
(879,	305,	2,	'',	'333-222-4878',	'3',	'3a',	7),
(880,	306,	2,	'',	'333-222-4879',	'3',	'3a',	7),
(881,	307,	2,	'',	'333-222-4880',	'3',	'3a',	7),
(882,	308,	2,	'',	'333-222-4881',	'3',	'3a',	7),
(883,	309,	2,	'',	'333-222-4882',	'3',	'3a',	7),
(884,	310,	2,	'',	'333-222-4883',	'3',	'3a',	7),
(885,	311,	2,	'',	'333-222-4884',	'3',	'3a',	7),
(886,	312,	2,	'',	'333-222-4885',	'3',	'3a',	7),
(887,	313,	2,	'',	'333-222-4886',	'3',	'3a',	7),
(888,	314,	2,	'',	'333-222-4887',	'3',	'3a',	7),
(889,	315,	2,	'',	'333-222-4888',	'3',	'3a',	7),
(890,	316,	2,	'',	'333-222-4889',	'3',	'3a',	7),
(891,	317,	2,	'',	'333-222-4890',	'3',	'3a',	7),
(892,	318,	2,	'',	'333-222-4891',	'3',	'3a',	7),
(893,	319,	2,	'',	'333-222-4892',	'3',	'3a',	7),
(894,	320,	2,	'',	'333-222-4893',	'3',	'3b',	7),
(895,	321,	2,	'',	'333-222-4894',	'3',	'3b',	7),
(896,	322,	2,	'',	'333-222-4895',	'3',	'3b',	7),
(897,	323,	2,	'',	'333-222-4896',	'3',	'3b',	7),
(898,	324,	2,	'',	'333-222-4897',	'3',	'3b',	7),
(899,	325,	2,	'',	'333-222-4898',	'3',	'3b',	7),
(900,	326,	2,	'',	'333-222-4899',	'3',	'3b',	7),
(901,	327,	2,	'',	'333-222-4900',	'3',	'3b',	7),
(902,	328,	2,	'',	'333-222-4901',	'3',	'3b',	7),
(903,	329,	2,	'',	'333-222-4902',	'3',	'3b',	7),
(904,	330,	2,	'',	'333-222-4903',	'3',	'3b',	7),
(905,	331,	2,	'',	'333-222-4904',	'3',	'3b',	7),
(906,	332,	2,	'',	'333-222-4905',	'3',	'3b',	7),
(907,	333,	2,	'',	'333-222-4906',	'3',	'3b',	7),
(908,	334,	2,	'',	'333-222-4907',	'3',	'3b',	7),
(909,	335,	2,	'',	'333-222-4908',	'3',	'3b',	7),
(910,	336,	2,	'',	'333-222-4909',	'3',	'3b',	7),
(911,	337,	2,	'',	'333-222-4910',	'3',	'3b',	7),
(912,	338,	2,	'',	'333-222-4911',	'3',	'3b',	7),
(913,	101,	2,	'',	'333-222-4912',	'1',	'1a',	8),
(914,	102,	2,	'',	'333-222-4913',	'1',	'1a',	8),
(915,	103,	2,	'',	'333-222-4914',	'1',	'1a',	8),
(916,	104,	2,	'',	'333-222-4915',	'1',	'1a',	8),
(917,	105,	2,	'',	'333-222-4916',	'1',	'1a',	8),
(918,	106,	2,	'',	'333-222-4917',	'1',	'1a',	8),
(919,	107,	2,	'',	'333-222-4918',	'1',	'1a',	8),
(920,	108,	2,	'',	'333-222-4919',	'1',	'1a',	8),
(921,	109,	2,	'',	'333-222-4920',	'1',	'1a',	8),
(922,	110,	2,	'',	'333-222-4921',	'1',	'1a',	8),
(923,	111,	2,	'',	'333-222-4922',	'1',	'1a',	8),
(924,	112,	2,	'',	'333-222-4923',	'1',	'1a',	8),
(925,	113,	2,	'',	'333-222-4924',	'1',	'1a',	8),
(926,	114,	2,	'',	'333-222-4925',	'1',	'1a',	8),
(927,	115,	2,	'',	'333-222-4926',	'1',	'1a',	8),
(928,	116,	2,	'',	'333-222-4927',	'1',	'1a',	8),
(929,	117,	2,	'',	'333-222-4928',	'1',	'1a',	8),
(930,	118,	2,	'',	'333-222-4929',	'1',	'1a',	8),
(931,	119,	2,	'',	'333-222-4930',	'1',	'1a',	8),
(932,	120,	2,	'',	'333-222-4931',	'1',	'1b',	8),
(933,	121,	2,	'',	'333-222-4932',	'1',	'1b',	8),
(934,	122,	2,	'',	'333-222-4933',	'1',	'1b',	8),
(935,	123,	2,	'',	'333-222-4934',	'1',	'1b',	8),
(936,	124,	2,	'',	'333-222-4935',	'1',	'1b',	8),
(937,	125,	2,	'',	'333-222-4936',	'1',	'1b',	8),
(938,	126,	2,	'',	'333-222-4937',	'1',	'1b',	8),
(939,	127,	2,	'',	'333-222-4938',	'1',	'1b',	8),
(940,	128,	2,	'',	'333-222-4939',	'1',	'1b',	8),
(941,	129,	2,	'',	'333-222-4940',	'1',	'1b',	8),
(942,	130,	2,	'',	'333-222-4941',	'1',	'1b',	8),
(943,	131,	2,	'',	'333-222-4942',	'1',	'1b',	8),
(944,	132,	2,	'',	'333-222-4943',	'1',	'1b',	8),
(945,	133,	2,	'',	'333-222-4944',	'1',	'1b',	8),
(946,	134,	2,	'',	'333-222-4945',	'1',	'1b',	8),
(947,	135,	2,	'',	'333-222-4946',	'1',	'1b',	8),
(948,	136,	2,	'',	'333-222-4947',	'1',	'1b',	8),
(949,	137,	2,	'',	'333-222-4948',	'1',	'1b',	8),
(950,	138,	2,	'',	'333-222-4949',	'1',	'1b',	8),
(951,	201,	2,	'',	'333-222-4950',	'2',	'2a',	8),
(952,	202,	2,	'',	'333-222-4951',	'2',	'2a',	8),
(953,	203,	2,	'',	'333-222-4952',	'2',	'2a',	8),
(954,	204,	2,	'',	'333-222-4953',	'2',	'2a',	8),
(955,	205,	2,	'',	'333-222-4954',	'2',	'2a',	8),
(956,	206,	2,	'',	'333-222-4955',	'2',	'2a',	8),
(957,	207,	2,	'',	'333-222-4956',	'2',	'2a',	8),
(958,	208,	2,	'',	'333-222-4957',	'2',	'2a',	8),
(959,	209,	2,	'',	'333-222-4958',	'2',	'2a',	8),
(960,	210,	2,	'',	'333-222-4959',	'2',	'2a',	8),
(961,	211,	2,	'',	'333-222-4960',	'2',	'2a',	8),
(962,	212,	2,	'',	'333-222-4961',	'2',	'2a',	8),
(963,	213,	2,	'',	'333-222-4962',	'2',	'2a',	8),
(964,	214,	2,	'',	'333-222-4963',	'2',	'2a',	8),
(965,	215,	2,	'',	'333-222-4964',	'2',	'2a',	8),
(966,	216,	2,	'',	'333-222-4965',	'2',	'2a',	8),
(967,	217,	2,	'',	'333-222-4966',	'2',	'2a',	8),
(968,	218,	2,	'',	'333-222-4967',	'2',	'2a',	8),
(969,	219,	2,	'',	'333-222-4968',	'2',	'2a',	8),
(970,	220,	2,	'',	'333-222-4969',	'2',	'2b',	8),
(971,	221,	2,	'',	'333-222-4970',	'2',	'2b',	8),
(972,	222,	2,	'',	'333-222-4971',	'2',	'2b',	8),
(973,	223,	2,	'',	'333-222-4972',	'2',	'2b',	8),
(974,	224,	2,	'',	'333-222-4973',	'2',	'2b',	8),
(975,	225,	2,	'',	'333-222-4974',	'2',	'2b',	8),
(976,	226,	2,	'',	'333-222-4975',	'2',	'2b',	8),
(977,	227,	2,	'',	'333-222-4976',	'2',	'2b',	8),
(978,	228,	2,	'',	'333-222-4977',	'2',	'2b',	8),
(979,	229,	2,	'',	'333-222-4978',	'2',	'2b',	8),
(980,	230,	2,	'',	'333-222-4979',	'2',	'2b',	8),
(981,	231,	2,	'',	'333-222-4980',	'2',	'2b',	8),
(982,	232,	2,	'',	'333-222-4981',	'2',	'2b',	8),
(983,	233,	2,	'',	'333-222-4982',	'2',	'2b',	8),
(984,	234,	2,	'',	'333-222-4983',	'2',	'2b',	8),
(985,	235,	2,	'',	'333-222-4984',	'2',	'2b',	8),
(986,	236,	2,	'',	'333-222-4985',	'2',	'2b',	8),
(987,	237,	2,	'',	'333-222-4986',	'2',	'2b',	8),
(988,	238,	2,	'',	'333-222-4987',	'2',	'2b',	8),
(989,	301,	2,	'',	'333-222-4988',	'3',	'3a',	8),
(990,	302,	2,	'',	'333-222-4989',	'3',	'3a',	8),
(991,	303,	2,	'',	'333-222-4990',	'3',	'3a',	8),
(992,	304,	2,	'',	'333-222-4991',	'3',	'3a',	8),
(993,	305,	2,	'',	'333-222-4992',	'3',	'3a',	8),
(994,	306,	2,	'',	'333-222-4993',	'3',	'3a',	8),
(995,	307,	2,	'',	'333-222-4994',	'3',	'3a',	8),
(996,	308,	2,	'',	'333-222-4995',	'3',	'3a',	8),
(997,	309,	2,	'',	'333-222-4996',	'3',	'3a',	8),
(998,	310,	2,	'',	'333-222-4997',	'3',	'3a',	8),
(999,	311,	2,	'',	'333-222-4998',	'3',	'3a',	8),
(1000,	312,	2,	'',	'333-222-4999',	'3',	'3a',	8),
(1001,	313,	2,	'',	'333-222-5000',	'3',	'3a',	8),
(1002,	314,	2,	'',	'333-222-5001',	'3',	'3a',	8),
(1003,	315,	2,	'',	'333-222-5002',	'3',	'3a',	8),
(1004,	316,	2,	'',	'333-222-5003',	'3',	'3a',	8),
(1005,	317,	2,	'',	'333-222-5004',	'3',	'3a',	8),
(1006,	318,	2,	'',	'333-222-5005',	'3',	'3a',	8),
(1007,	319,	2,	'',	'333-222-5006',	'3',	'3a',	8),
(1008,	320,	2,	'',	'333-222-5007',	'3',	'3b',	8),
(1009,	321,	2,	'',	'333-222-5008',	'3',	'3b',	8),
(1010,	322,	2,	'',	'333-222-5009',	'3',	'3b',	8),
(1011,	323,	2,	'',	'333-222-5010',	'3',	'3b',	8),
(1012,	324,	2,	'',	'333-222-5011',	'3',	'3b',	8),
(1013,	325,	2,	'',	'333-222-5012',	'3',	'3b',	8),
(1014,	326,	2,	'',	'333-222-5013',	'3',	'3b',	8),
(1015,	327,	2,	'',	'333-222-5014',	'3',	'3b',	8),
(1016,	328,	2,	'',	'333-222-5015',	'3',	'3b',	8),
(1017,	329,	2,	'',	'333-222-5016',	'3',	'3b',	8),
(1018,	330,	2,	'',	'333-222-5017',	'3',	'3b',	8),
(1019,	331,	2,	'',	'333-222-5018',	'3',	'3b',	8),
(1020,	332,	2,	'',	'333-222-5019',	'3',	'3b',	8),
(1021,	333,	2,	'',	'333-222-5020',	'3',	'3b',	8),
(1022,	334,	2,	'',	'333-222-5021',	'3',	'3b',	8),
(1023,	335,	2,	'',	'333-222-5022',	'3',	'3b',	8),
(1024,	336,	2,	'',	'333-222-5023',	'3',	'3b',	8),
(1025,	337,	2,	'',	'333-222-5024',	'3',	'3b',	8),
(1026,	338,	2,	'',	'333-222-5025',	'3',	'3b',	8),
(1027,	101,	2,	'',	'333-222-4912',	'1',	'1a',	9),
(1028,	102,	2,	'',	'333-222-4913',	'1',	'1a',	9),
(1029,	103,	2,	'',	'333-222-4914',	'1',	'1a',	9),
(1030,	104,	2,	'',	'333-222-4915',	'1',	'1a',	9),
(1031,	105,	2,	'',	'333-222-4916',	'1',	'1a',	9),
(1032,	106,	2,	'',	'333-222-4917',	'1',	'1a',	9),
(1033,	107,	2,	'',	'333-222-4918',	'1',	'1a',	9),
(1034,	108,	2,	'',	'333-222-4919',	'1',	'1a',	9),
(1035,	109,	2,	'',	'333-222-4920',	'1',	'1a',	9),
(1036,	110,	2,	'',	'333-222-4921',	'1',	'1a',	9),
(1037,	111,	2,	'',	'333-222-4922',	'1',	'1a',	9),
(1038,	112,	2,	'',	'333-222-4923',	'1',	'1a',	9),
(1039,	113,	2,	'',	'333-222-4924',	'1',	'1a',	9),
(1040,	114,	2,	'',	'333-222-4925',	'1',	'1a',	9),
(1041,	115,	2,	'',	'333-222-4926',	'1',	'1a',	9),
(1042,	116,	2,	'',	'333-222-4927',	'1',	'1a',	9),
(1043,	117,	2,	'',	'333-222-4928',	'1',	'1a',	9),
(1044,	118,	2,	'',	'333-222-4929',	'1',	'1a',	9),
(1045,	119,	2,	'',	'333-222-4930',	'1',	'1a',	9),
(1046,	120,	2,	'',	'333-222-4931',	'1',	'1b',	9),
(1047,	121,	2,	'',	'333-222-4932',	'1',	'1b',	9),
(1048,	122,	2,	'',	'333-222-4933',	'1',	'1b',	9),
(1049,	123,	2,	'',	'333-222-4934',	'1',	'1b',	9),
(1050,	124,	2,	'',	'333-222-4935',	'1',	'1b',	9),
(1051,	125,	2,	'',	'333-222-4936',	'1',	'1b',	9),
(1052,	126,	2,	'',	'333-222-4937',	'1',	'1b',	9),
(1053,	127,	2,	'',	'333-222-4938',	'1',	'1b',	9),
(1054,	128,	2,	'',	'333-222-4939',	'1',	'1b',	9),
(1055,	129,	2,	'',	'333-222-4940',	'1',	'1b',	9),
(1056,	130,	2,	'',	'333-222-4941',	'1',	'1b',	9),
(1057,	131,	2,	'',	'333-222-4942',	'1',	'1b',	9),
(1058,	132,	2,	'',	'333-222-4943',	'1',	'1b',	9),
(1059,	133,	2,	'',	'333-222-4944',	'1',	'1b',	9),
(1060,	134,	2,	'',	'333-222-4945',	'1',	'1b',	9),
(1061,	135,	2,	'',	'333-222-4946',	'1',	'1b',	9),
(1062,	136,	2,	'',	'333-222-4947',	'1',	'1b',	9),
(1063,	137,	2,	'',	'333-222-4948',	'1',	'1b',	9),
(1064,	138,	2,	'',	'333-222-4949',	'1',	'1b',	9),
(1065,	201,	2,	'',	'333-222-4950',	'2',	'2a',	9),
(1066,	202,	2,	'',	'333-222-4951',	'2',	'2a',	9),
(1067,	203,	2,	'',	'333-222-4952',	'2',	'2a',	9),
(1068,	204,	2,	'',	'333-222-4953',	'2',	'2a',	9),
(1069,	205,	2,	'',	'333-222-4954',	'2',	'2a',	9),
(1070,	206,	2,	'',	'333-222-4955',	'2',	'2a',	9),
(1071,	207,	2,	'',	'333-222-4956',	'2',	'2a',	9),
(1072,	208,	2,	'',	'333-222-4957',	'2',	'2a',	9),
(1073,	209,	2,	'',	'333-222-4958',	'2',	'2a',	9),
(1074,	210,	2,	'',	'333-222-4959',	'2',	'2a',	9),
(1075,	211,	2,	'',	'333-222-4960',	'2',	'2a',	9),
(1076,	212,	2,	'',	'333-222-4961',	'2',	'2a',	9),
(1077,	213,	2,	'',	'333-222-4962',	'2',	'2a',	9),
(1078,	214,	2,	'',	'333-222-4963',	'2',	'2a',	9),
(1079,	215,	2,	'',	'333-222-4964',	'2',	'2a',	9),
(1080,	216,	2,	'',	'333-222-4965',	'2',	'2a',	9),
(1081,	217,	2,	'',	'333-222-4966',	'2',	'2a',	9),
(1082,	218,	2,	'',	'333-222-4967',	'2',	'2a',	9),
(1083,	219,	2,	'',	'333-222-4968',	'2',	'2a',	9),
(1084,	220,	2,	'',	'333-222-4969',	'2',	'2b',	9),
(1085,	221,	2,	'',	'333-222-4970',	'2',	'2b',	9),
(1086,	222,	2,	'',	'333-222-4971',	'2',	'2b',	9),
(1087,	223,	2,	'',	'333-222-4972',	'2',	'2b',	9),
(1088,	224,	2,	'',	'333-222-4973',	'2',	'2b',	9),
(1089,	225,	2,	'',	'333-222-4974',	'2',	'2b',	9),
(1090,	226,	2,	'',	'333-222-4975',	'2',	'2b',	9),
(1091,	227,	2,	'',	'333-222-4976',	'2',	'2b',	9),
(1092,	228,	2,	'',	'333-222-4977',	'2',	'2b',	9),
(1093,	229,	2,	'',	'333-222-4978',	'2',	'2b',	9),
(1094,	230,	2,	'',	'333-222-4979',	'2',	'2b',	9),
(1095,	231,	2,	'',	'333-222-4980',	'2',	'2b',	9),
(1096,	232,	2,	'',	'333-222-4981',	'2',	'2b',	9),
(1097,	233,	2,	'',	'333-222-4982',	'2',	'2b',	9),
(1098,	234,	2,	'',	'333-222-4983',	'2',	'2b',	9),
(1099,	235,	2,	'',	'333-222-4984',	'2',	'2b',	9),
(1100,	236,	2,	'',	'333-222-4985',	'2',	'2b',	9),
(1101,	237,	2,	'',	'333-222-4986',	'2',	'2b',	9),
(1102,	238,	2,	'',	'333-222-4987',	'2',	'2b',	9),
(1103,	301,	2,	'',	'333-222-4988',	'3',	'3a',	9),
(1104,	302,	2,	'',	'333-222-4989',	'3',	'3a',	9),
(1105,	303,	2,	'',	'333-222-4990',	'3',	'3a',	9),
(1106,	304,	2,	'',	'333-222-4991',	'3',	'3a',	9),
(1107,	305,	2,	'',	'333-222-4992',	'3',	'3a',	9),
(1108,	306,	2,	'',	'333-222-4993',	'3',	'3a',	9),
(1109,	307,	2,	'',	'333-222-4994',	'3',	'3a',	9),
(1110,	308,	2,	'',	'333-222-4995',	'3',	'3a',	9),
(1111,	309,	2,	'',	'333-222-4996',	'3',	'3a',	9),
(1112,	310,	2,	'',	'333-222-4997',	'3',	'3a',	9),
(1113,	311,	2,	'',	'333-222-4998',	'3',	'3a',	9),
(1114,	312,	2,	'',	'333-222-4999',	'3',	'3a',	9),
(1115,	313,	2,	'',	'333-222-5000',	'3',	'3a',	9),
(1116,	314,	2,	'',	'333-222-5001',	'3',	'3a',	9),
(1117,	315,	2,	'',	'333-222-5002',	'3',	'3a',	9),
(1118,	316,	2,	'',	'333-222-5003',	'3',	'3a',	9),
(1119,	317,	2,	'',	'333-222-5004',	'3',	'3a',	9),
(1120,	318,	2,	'',	'333-222-5005',	'3',	'3a',	9),
(1121,	319,	2,	'',	'333-222-5006',	'3',	'3a',	9),
(1122,	320,	2,	'',	'333-222-5007',	'3',	'3b',	9),
(1123,	321,	2,	'',	'333-222-5008',	'3',	'3b',	9),
(1124,	322,	2,	'',	'333-222-5009',	'3',	'3b',	9),
(1125,	323,	2,	'',	'333-222-5010',	'3',	'3b',	9),
(1126,	324,	2,	'',	'333-222-5011',	'3',	'3b',	9),
(1127,	325,	2,	'',	'333-222-5012',	'3',	'3b',	9),
(1128,	326,	2,	'',	'333-222-5013',	'3',	'3b',	9),
(1129,	327,	2,	'',	'333-222-5014',	'3',	'3b',	9),
(1130,	328,	2,	'',	'333-222-5015',	'3',	'3b',	9),
(1131,	329,	2,	'',	'333-222-5016',	'3',	'3b',	9),
(1132,	330,	2,	'',	'333-222-5017',	'3',	'3b',	9),
(1133,	331,	2,	'',	'333-222-5018',	'3',	'3b',	9),
(1134,	332,	2,	'',	'333-222-5019',	'3',	'3b',	9),
(1135,	333,	2,	'',	'333-222-5020',	'3',	'3b',	9),
(1136,	334,	2,	'',	'333-222-5021',	'3',	'3b',	9),
(1137,	335,	2,	'',	'333-222-5022',	'3',	'3b',	9),
(1138,	336,	2,	'',	'333-222-5023',	'3',	'3b',	9),
(1139,	337,	2,	'',	'333-222-5024',	'3',	'3b',	9),
(1140,	338,	2,	'',	'333-222-5025',	'3',	'3b',	9),
(1141,	101,	2,	'',	'333-222-5026',	'1',	'1a',	10),
(1142,	102,	2,	'',	'333-222-5027',	'1',	'1a',	10),
(1143,	103,	2,	'',	'333-222-5028',	'1',	'1a',	10),
(1144,	104,	2,	'',	'333-222-5029',	'1',	'1a',	10),
(1145,	105,	2,	'',	'333-222-5030',	'1',	'1a',	10),
(1146,	106,	2,	'',	'333-222-5031',	'1',	'1a',	10),
(1147,	107,	2,	'',	'333-222-5032',	'1',	'1a',	10),
(1148,	108,	2,	'',	'333-222-5033',	'1',	'1a',	10),
(1149,	109,	2,	'',	'333-222-5034',	'1',	'1a',	10),
(1150,	110,	2,	'',	'333-222-5035',	'1',	'1a',	10),
(1151,	111,	2,	'',	'333-222-5036',	'1',	'1a',	10),
(1152,	112,	2,	'',	'333-222-5037',	'1',	'1a',	10),
(1153,	113,	2,	'',	'333-222-5038',	'1',	'1a',	10),
(1154,	114,	2,	'',	'333-222-5039',	'1',	'1a',	10),
(1155,	115,	2,	'',	'333-222-5040',	'1',	'1a',	10),
(1156,	116,	2,	'',	'333-222-5041',	'1',	'1a',	10),
(1157,	117,	2,	'',	'333-222-5042',	'1',	'1a',	10),
(1158,	118,	2,	'',	'333-222-5043',	'1',	'1a',	10),
(1159,	119,	2,	'',	'333-222-5044',	'1',	'1a',	10),
(1160,	120,	2,	'',	'333-222-5045',	'1',	'1b',	10),
(1161,	121,	2,	'',	'333-222-5046',	'1',	'1b',	10),
(1162,	122,	2,	'',	'333-222-5047',	'1',	'1b',	10),
(1163,	123,	2,	'',	'333-222-5048',	'1',	'1b',	10),
(1164,	124,	2,	'',	'333-222-5049',	'1',	'1b',	10),
(1165,	125,	2,	'',	'333-222-5050',	'1',	'1b',	10),
(1166,	126,	2,	'',	'333-222-5051',	'1',	'1b',	10),
(1167,	127,	2,	'',	'333-222-5052',	'1',	'1b',	10),
(1168,	128,	2,	'',	'333-222-5053',	'1',	'1b',	10),
(1169,	129,	2,	'',	'333-222-5054',	'1',	'1b',	10),
(1170,	130,	2,	'',	'333-222-5055',	'1',	'1b',	10),
(1171,	131,	2,	'',	'333-222-5056',	'1',	'1b',	10),
(1172,	132,	2,	'',	'333-222-5057',	'1',	'1b',	10),
(1173,	133,	2,	'',	'333-222-5058',	'1',	'1b',	10),
(1174,	134,	2,	'',	'333-222-5059',	'1',	'1b',	10),
(1175,	135,	2,	'',	'333-222-5060',	'1',	'1b',	10),
(1176,	136,	2,	'',	'333-222-5061',	'1',	'1b',	10),
(1177,	137,	2,	'',	'333-222-5062',	'1',	'1b',	10),
(1178,	138,	2,	'',	'333-222-5063',	'1',	'1b',	10),
(1179,	201,	2,	'',	'333-222-5064',	'2',	'2a',	10),
(1180,	202,	2,	'',	'333-222-5065',	'2',	'2a',	10),
(1181,	203,	2,	'',	'333-222-5066',	'2',	'2a',	10),
(1182,	204,	2,	'',	'333-222-5067',	'2',	'2a',	10),
(1183,	205,	2,	'',	'333-222-5068',	'2',	'2a',	10),
(1184,	206,	2,	'',	'333-222-5069',	'2',	'2a',	10),
(1185,	207,	2,	'',	'333-222-5070',	'2',	'2a',	10),
(1186,	208,	2,	'',	'333-222-5071',	'2',	'2a',	10),
(1187,	209,	2,	'',	'333-222-5072',	'2',	'2a',	10),
(1188,	210,	2,	'',	'333-222-5073',	'2',	'2a',	10),
(1189,	211,	2,	'',	'333-222-5074',	'2',	'2a',	10),
(1190,	212,	2,	'',	'333-222-5075',	'2',	'2a',	10),
(1191,	213,	2,	'',	'333-222-5076',	'2',	'2a',	10),
(1192,	214,	2,	'',	'333-222-5077',	'2',	'2a',	10),
(1193,	215,	2,	'',	'333-222-5078',	'2',	'2a',	10),
(1194,	216,	2,	'',	'333-222-5079',	'2',	'2a',	10),
(1195,	217,	2,	'',	'333-222-5080',	'2',	'2a',	10),
(1196,	218,	2,	'',	'333-222-5081',	'2',	'2a',	10),
(1197,	219,	2,	'',	'333-222-5082',	'2',	'2a',	10),
(1198,	220,	2,	'',	'333-222-5083',	'2',	'2b',	10),
(1199,	221,	2,	'',	'333-222-5084',	'2',	'2b',	10),
(1200,	222,	2,	'',	'333-222-5085',	'2',	'2b',	10),
(1201,	223,	2,	'',	'333-222-5086',	'2',	'2b',	10),
(1202,	224,	2,	'',	'333-222-5087',	'2',	'2b',	10),
(1203,	225,	2,	'',	'333-222-5088',	'2',	'2b',	10),
(1204,	226,	2,	'',	'333-222-5089',	'2',	'2b',	10),
(1205,	227,	2,	'',	'333-222-5090',	'2',	'2b',	10),
(1206,	228,	2,	'',	'333-222-5091',	'2',	'2b',	10),
(1207,	229,	2,	'',	'333-222-5092',	'2',	'2b',	10),
(1208,	230,	2,	'',	'333-222-5093',	'2',	'2b',	10),
(1209,	231,	2,	'',	'333-222-5094',	'2',	'2b',	10),
(1210,	232,	2,	'',	'333-222-5095',	'2',	'2b',	10),
(1211,	233,	2,	'',	'333-222-5096',	'2',	'2b',	10),
(1212,	234,	2,	'',	'333-222-5097',	'2',	'2b',	10),
(1213,	235,	2,	'',	'333-222-5098',	'2',	'2b',	10),
(1214,	236,	2,	'',	'333-222-5099',	'2',	'2b',	10),
(1215,	237,	2,	'',	'333-222-5100',	'2',	'2b',	10),
(1216,	238,	2,	'',	'333-222-5101',	'2',	'2b',	10),
(1217,	301,	2,	'',	'333-222-5102',	'3',	'3a',	10),
(1218,	302,	2,	'',	'333-222-5103',	'3',	'3a',	10),
(1219,	303,	2,	'',	'333-222-5104',	'3',	'3a',	10),
(1220,	304,	2,	'',	'333-222-5105',	'3',	'3a',	10),
(1221,	305,	2,	'',	'333-222-5106',	'3',	'3a',	10),
(1222,	306,	2,	'',	'333-222-5107',	'3',	'3a',	10),
(1223,	307,	2,	'',	'333-222-5108',	'3',	'3a',	10),
(1224,	308,	2,	'',	'333-222-5109',	'3',	'3a',	10),
(1225,	309,	2,	'',	'333-222-5110',	'3',	'3a',	10),
(1226,	310,	2,	'',	'333-222-5111',	'3',	'3a',	10),
(1227,	311,	2,	'',	'333-222-5112',	'3',	'3a',	10),
(1228,	312,	2,	'',	'333-222-5113',	'3',	'3a',	10),
(1229,	313,	2,	'',	'333-222-5114',	'3',	'3a',	10),
(1230,	314,	2,	'',	'333-222-5115',	'3',	'3a',	10),
(1231,	315,	2,	'',	'333-222-5116',	'3',	'3a',	10),
(1232,	316,	2,	'',	'333-222-5117',	'3',	'3a',	10),
(1233,	317,	2,	'',	'333-222-5118',	'3',	'3a',	10),
(1234,	318,	2,	'',	'333-222-5119',	'3',	'3a',	10),
(1235,	319,	2,	'',	'333-222-5120',	'3',	'3a',	10),
(1236,	320,	2,	'',	'333-222-5121',	'3',	'3b',	10),
(1237,	321,	2,	'',	'333-222-5122',	'3',	'3b',	10),
(1238,	322,	2,	'',	'333-222-5123',	'3',	'3b',	10),
(1239,	323,	2,	'',	'333-222-5124',	'3',	'3b',	10),
(1240,	324,	2,	'',	'333-222-5125',	'3',	'3b',	10),
(1241,	325,	2,	'',	'333-222-5126',	'3',	'3b',	10),
(1242,	326,	2,	'',	'333-222-5127',	'3',	'3b',	10),
(1243,	327,	2,	'',	'333-222-5128',	'3',	'3b',	10),
(1244,	328,	2,	'',	'333-222-5129',	'3',	'3b',	10),
(1245,	329,	2,	'',	'333-222-5130',	'3',	'3b',	10),
(1246,	330,	2,	'',	'333-222-5131',	'3',	'3b',	10),
(1247,	331,	2,	'',	'333-222-5132',	'3',	'3b',	10),
(1248,	332,	2,	'',	'333-222-5133',	'3',	'3b',	10),
(1249,	333,	2,	'',	'333-222-5134',	'3',	'3b',	10),
(1250,	334,	2,	'',	'333-222-5135',	'3',	'3b',	10),
(1251,	335,	2,	'',	'333-222-5136',	'3',	'3b',	10),
(1252,	336,	2,	'',	'333-222-5137',	'3',	'3b',	10),
(1253,	337,	2,	'',	'333-222-5138',	'3',	'3b',	10),
(1254,	338,	2,	'',	'333-222-5139',	'3',	'3b',	10);

DROP TABLE IF EXISTS `tbl_ethnicity`;
CREATE TABLE `tbl_ethnicity` (
  `ethnicity_id` int(11) NOT NULL AUTO_INCREMENT,
  `ethnicity_name` varchar(45) DEFAULT NULL,
  PRIMARY KEY (`ethnicity_id`)
) ENGINE=InnoDB DEFAULT CHARSET=utf8mb4 COLLATE=utf8mb4_general_ci;

INSERT INTO `tbl_ethnicity` (`ethnicity_id`, `ethnicity_name`) VALUES
(1,	'White'),
(2,	'Black or African American'),
(3,	'Hispanic or Latino'),
(4,	'Asian'),
(5,	'American Indian or Alaska Native'),
(6,	'Native Hawaiian or Other Pacific Islander'),
(8,	'Two or more ethnicities');

DROP TABLE IF EXISTS `tbl_gender`;
CREATE TABLE `tbl_gender` (
  `gender_id` int(11) NOT NULL AUTO_INCREMENT,
  `gender_name` varchar(45) NOT NULL,
  PRIMARY KEY (`gender_id`)
) ENGINE=InnoDB DEFAULT CHARSET=utf8mb4 COLLATE=utf8mb4_general_ci;

INSERT INTO `tbl_gender` (`gender_id`, `gender_name`) VALUES
(1,	'Female'),
(2,	'Male');

DROP TABLE IF EXISTS `tbl_levels`;
CREATE TABLE `tbl_levels` (
  `level_id` int(11) NOT NULL AUTO_INCREMENT,
  `level_name` varchar(45) DEFAULT NULL,
  `level_abbrev` varchar(45) DEFAULT NULL,
  PRIMARY KEY (`level_id`)
) ENGINE=InnoDB DEFAULT CHARSET=utf8mb4 COLLATE=utf8mb4_general_ci;

INSERT INTO `tbl_levels` (`level_id`, `level_name`, `level_abbrev`) VALUES
(1,	'Pre-School',	'Pre-K'),
(2,	'Kindergarten',	'K'),
(3,	'First',	'1'),
(4,	'Second',	'2'),
(5,	'Third',	'3'),
(6,	'Fourth',	'4'),
(7,	'Fifth',	'5'),
(8,	'Sixth',	'6'),
(9,	'Seventh',	'7'),
(10,	'Eighth',	'8'),
(11,	'Ninth',	'9'),
(12,	'Tenth',	'10'),
(13,	'Eleventh',	'11'),
(14,	'Twelfth ',	'12');

DROP TABLE IF EXISTS `tbl_nationality`;
CREATE TABLE `tbl_nationality` (
  `nationality_id` int(11) NOT NULL AUTO_INCREMENT,
  `nationality_nation` varchar(45) NOT NULL,
  `nationality_name` varchar(45) NOT NULL,
  PRIMARY KEY (`nationality_id`)
) ENGINE=InnoDB DEFAULT CHARSET=utf8mb4 COLLATE=utf8mb4_general_ci;

INSERT INTO `tbl_nationality` (`nationality_id`, `nationality_nation`, `nationality_name`) VALUES
(1,	'United States',	' American'),
(2,	'Albania',	' Albanian'),
(3,	'Algeria',	' Algerian'),
(4,	'Andorra',	' Andorran'),
(5,	'Angola',	' Angolan'),
(6,	'Antigua and Barbuda',	' Antiguan and Barbudan'),
(7,	'Argentina',	' Argentine'),
(8,	'Armenia',	' Armenian'),
(9,	'Australia',	' Australian'),
(10,	'Austria',	' Austrian'),
(11,	'Azerbaijan',	' Azerbaijani'),
(12,	'Bahamas',	' Bahamian'),
(13,	'Bahrain',	' Bahraini'),
(14,	'Bangladesh',	' Bangladeshi'),
(15,	'Barbados',	' Barbadian'),
(16,	'Belarus',	' Belarusian'),
(17,	'Belgium',	' Belgian'),
(18,	'Belize',	' Belizean'),
(19,	'Benin',	' Beninese'),
(20,	'Bhutan',	' Bhutanese'),
(21,	'Bolivia',	' Bolivian'),
(22,	'Bosnia and Herzegovina',	' Bosnian'),
(23,	'Botswana',	' Motswana (singular)'),
(24,	'Brazil',	' Brazilian'),
(25,	'Brunei',	' Bruneian'),
(26,	'Bulgaria',	' Bulgarian'),
(27,	'Burkina Faso',	' Burkinab'),
(28,	'Burundi',	' Burundian'),
(29,	'Cabo Verde',	' Cape Verdean'),
(30,	'Cambodia',	' Cambodian'),
(31,	'Cameroon',	' Cameroonian'),
(32,	'Canada',	' Canadian'),
(33,	'Central African Republic',	' Central African'),
(34,	'Chad',	' Chadian'),
(35,	'Chile',	' Chilean'),
(36,	'China',	' Chinese'),
(37,	'Colombia',	' Colombian'),
(38,	'Comoros',	' Comorian'),
(39,	'Congo (Brazzaville)',	' Congolese'),
(40,	'Congo (Kinshasa)',	' Congolese'),
(41,	'Costa Rica',	' Costa Rican'),
(42,	'Cote d\'Ivoire (Ivory Coast)',	' Ivorian'),
(43,	'Croatia',	' Croatian'),
(44,	'Cuba',	' Cuban'),
(45,	'Cyprus',	' Cypriot'),
(46,	'Czech Republic',	' Czech'),
(47,	'Denmark',	' Danish'),
(48,	'Djibouti',	' Djiboutian'),
(49,	'Dominica',	' Dominican'),
(50,	'Dominican Republic',	' Dominican'),
(51,	'East Timor',	' Timorese'),
(52,	'Ecuador',	' Ecuadorian'),
(53,	'Egypt',	' Egyptian'),
(54,	'El Salvador',	' Salvadoran'),
(55,	'Equatorial Guinea',	' Equatoguinean'),
(56,	'Eritrea',	' Eritrean'),
(57,	'Estonia',	' Estonian'),
(58,	'Eswatini',	' Swazi'),
(59,	'Ethiopia',	' Ethiopian'),
(60,	'Fiji',	' Fijian'),
(61,	'Finland',	' Finnish'),
(62,	'France',	' French'),
(63,	'Gabon',	' Gabonese'),
(64,	'Gambia',	' Gambian'),
(65,	'Georgia',	' Georgian'),
(66,	'Germany',	' German'),
(67,	'Ghana',	' Ghanaian'),
(68,	'Greece',	' Greek'),
(69,	'Grenada',	' Grenadian'),
(70,	'Guatemala',	' Guatemalan'),
(71,	'Guinea',	' Guinean'),
(72,	'Guinea-Bissau',	' Bissau-Guinean'),
(73,	'Guyana',	' Guyanese'),
(74,	'Haiti',	' Haitian'),
(75,	'Honduras',	' Honduran'),
(76,	'Hungary',	' Hungarian'),
(77,	'Iceland',	' Icelandic'),
(78,	'India',	' Indian'),
(79,	'Indonesia',	' Indonesian'),
(80,	'Iran',	' Iranian'),
(81,	'Iraq',	' Iraqi'),
(82,	'Ireland',	' Irish'),
(83,	'Israel',	' Israeli'),
(84,	'Italy',	' Italian'),
(85,	'Jamaica',	' Jamaican'),
(86,	'Japan',	' Japanese'),
(87,	'Jordan',	' Jordanian'),
(88,	'Kazakhstan',	' Kazakh'),
(89,	'Kenya',	' Kenyan'),
(90,	'Kiribati',	' I-Kiribati'),
(91,	'Kosovo',	' Kosovar'),
(92,	'Kuwait',	' Kuwaiti'),
(93,	'Kyrgyzstan',	' Kyrgyz'),
(94,	'Laos',	' Laotian'),
(95,	'Latvia',	' Latvian'),
(96,	'Lebanon',	' Lebanese'),
(97,	'Lesotho',	' Mosotho (singular)'),
(98,	'Liberia',	' Liberian'),
(99,	'Libya',	' Libyan'),
(100,	'Liechtenstein',	' Liechtensteiner'),
(101,	'Lithuania',	' Lithuanian'),
(102,	'Luxembourg',	' Luxembourgish'),
(103,	'Madagascar',	' Malagasy'),
(104,	'Malawi',	' Malawian'),
(105,	'Malaysia',	' Malaysian'),
(106,	'Maldives',	' Maldivian'),
(107,	'Mali',	' Malian'),
(108,	'Malta',	' Maltese'),
(109,	'Marshall Islands',	' Marshallese'),
(110,	'Mauritania',	' Mauritanian'),
(111,	'Mauritius',	' Mauritian'),
(112,	'Mexico',	' Mexican'),
(113,	'Micronesia',	' Micronesian'),
(114,	'Moldova',	' Moldovan'),
(115,	'Monaco',	' Monegasque'),
(116,	'Mongolia',	' Mongolian'),
(117,	'Montenegro',	' Montenegrin'),
(118,	'Morocco',	' Moroccan'),
(119,	'Mozambique',	' Mozambican'),
(120,	'Myanmar (Burma)',	' Burmese'),
(121,	'Namibia',	' Namibian'),
(122,	'Nauru',	' Nauruan'),
(123,	'Nepal',	' Nepali'),
(124,	'Netherlands',	' Dutch'),
(125,	'New Zealand',	' New Zealander'),
(126,	'Nicaragua',	' Nicaraguan'),
(127,	'Niger',	' Nigerien'),
(128,	'Nigeria',	' Nigerian'),
(129,	'North Macedonia',	' Macedonian'),
(130,	'Norway',	' Norwegian'),
(131,	'Oman',	' Omani'),
(132,	'Pakistan',	' Pakistani'),
(133,	'Palau',	' Palauan'),
(134,	'Panama',	' Panamanian'),
(135,	'Papua New Guinea',	' Papua New Guinean'),
(136,	'Paraguay',	' Paraguayan'),
(137,	'Peru',	' Peruvian'),
(138,	'Philippines',	' Filipino (or Filipina for females)'),
(139,	'Poland',	' Polish'),
(140,	'Portugal',	' Portuguese'),
(141,	'Qatar',	' Qatari'),
(142,	'Romania',	' Romanian'),
(143,	'Russia',	' Russian'),
(144,	'Rwanda',	' Rwandan'),
(145,	'Saint Kitts and Nevis',	' Kittitian or Nevisian'),
(146,	'Saint Lucia',	' Saint Lucian'),
(147,	'Saint Vincent and the Grenadines',	' Vincentian'),
(148,	'Samoa',	' Samoan'),
(149,	'San Marino',	' Sammarinese'),
(150,	'Sao Tome and Principe',	' Sao Tomean'),
(151,	'Saudi Arabia',	' Saudi Arabian'),
(152,	'Senegal',	' Senegalese'),
(153,	'Serbia',	' Serbian'),
(154,	'Seychelles',	' Seychellois'),
(155,	'Sierra Leone',	' Sierra Leonean'),
(156,	'Singapore',	' Singaporean'),
(157,	'Slovakia',	' Slovak'),
(158,	'Slovenia',	' Slovenian'),
(159,	'Solomon Islands',	' Solomon Islander'),
(160,	'Somalia',	' Somali'),
(161,	'South Africa',	' South African'),
(162,	'South Sudan',	' South Sudanese'),
(163,	'Spain',	' Spanish'),
(164,	'Sri Lanka',	' Sri Lankan'),
(165,	'Sudan',	' Sudanese'),
(166,	'Suriname',	' Surinamese'),
(167,	'Sweden',	' Swedish'),
(168,	'Switzerland',	' Swiss'),
(169,	'Syria',	' Syrian'),
(170,	'Taiwan',	' Taiwanese'),
(171,	'Tajikistan',	' Tajik'),
(172,	'Tanzania',	' Tanzanian'),
(173,	'Thailand',	' Thai'),
(174,	'Togo',	' Togolese'),
(175,	'Tonga',	' Tongan'),
(176,	'Trinidad and Tobago',	' Trinidadian or Tobagonian'),
(177,	'Tunisia',	' Tunisian'),
(178,	'Turkey',	' Turkish'),
(179,	'Turkmenistan',	' Turkmen'),
(180,	'Tuvalu',	' Tuvaluan'),
(181,	'Uganda',	' Ugandan'),
(182,	'Ukraine',	' Ukrainian'),
(183,	'United Arab Emirates',	' Emirati'),
(184,	'United Kingdom',	' British'),
(185,	'Afghanistan',	' Afghan'),
(186,	'Uruguay',	' Uruguayan'),
(187,	'Uzbekistan',	' Uzbek'),
(188,	'Vanuatu',	' Ni-Vanuatu'),
(189,	'Vatican City',	' Vatican'),
(190,	'Venezuela',	' Venezuelan'),
(191,	'Vietnam',	' Vietnamese'),
(192,	'Yemen',	' Yemeni'),
(193,	'Zambia',	' Zambian'),
(194,	'Zimbabwe',	' Zimbabwean');

DROP TABLE IF EXISTS `tbl_prefix`;
CREATE TABLE `tbl_prefix` (
  `prefix_id` int(11) NOT NULL AUTO_INCREMENT,
  `prefix_name` varchar(45) NOT NULL,
  PRIMARY KEY (`prefix_id`)
) ENGINE=InnoDB DEFAULT CHARSET=utf8mb4 COLLATE=utf8mb4_general_ci;

INSERT INTO `tbl_prefix` (`prefix_id`, `prefix_name`) VALUES
(1,	'Mr.'),
(2,	'Mrs.'),
(3,	'Miss.'),
(4,	'Ms.'),
(5,	'Rev.'),
(6,	'Dr.');

DROP TABLE IF EXISTS `tbl_role`;
CREATE TABLE `tbl_role` (
  `role_id` int(11) NOT NULL AUTO_INCREMENT,
  `role_name` varchar(11) DEFAULT NULL,
  PRIMARY KEY (`role_id`)
) ENGINE=InnoDB DEFAULT CHARSET=utf8mb4 COLLATE=utf8mb4_general_ci;

INSERT INTO `tbl_role` (`role_id`, `role_name`) VALUES
(1,	'Parent'),
(2,	'Faculty'),
(3,	'Admin'),
(4,	'Staff'),
(5,	'Student'),
(6,	'Office'),
(7,	'SysAdmin'),
(8,	'Principal'),
(9,	'Counselor'),
(10,	'Librarian'),
(11,	'Coach'),
(12,	'Lunchroom'),
(13,	'Athletics');

DROP TABLE IF EXISTS `tbl_state`;
CREATE TABLE `tbl_state` (
  `state_id` int(11) NOT NULL AUTO_INCREMENT,
  `state_name` varchar(45) DEFAULT NULL,
  `state_abbrev` varchar(45) DEFAULT NULL,
  PRIMARY KEY (`state_id`)
) ENGINE=InnoDB DEFAULT CHARSET=utf8mb3 COLLATE=utf8mb3_general_ci;

INSERT INTO `tbl_state` (`state_id`, `state_name`, `state_abbrev`) VALUES
(1,	'Alabama',	'AL'),
(2,	'Alaska',	'AK'),
(3,	'Arizona',	'AZ'),
(4,	'Arkansas',	'AR'),
(5,	'California',	'CA'),
(6,	'Colorado',	'CO'),
(7,	'Connecticut',	'CT'),
(8,	'Delaware',	'DE'),
(9,	'Florida',	'FL'),
(10,	'Georgia',	'GA'),
(11,	'Hawaii',	'HI'),
(12,	'Idaho',	'ID'),
(13,	'Illinois',	'IL'),
(14,	'Indiana',	'IN'),
(15,	'Iowa',	'IA'),
(16,	'Kansas',	'KS'),
(17,	'Kentucky',	'KY'),
(18,	'Louisiana',	'LA'),
(19,	'Maine',	'ME'),
(20,	'Maryland',	'MD'),
(21,	'Massachusetts',	'MA'),
(22,	'Michigan',	'MI'),
(23,	'Minnesota',	'MN'),
(24,	'Mississippi',	'MS'),
(25,	'Missouri',	'MO'),
(26,	'Montana',	'MT'),
(27,	'Nebraska',	'NE'),
(28,	'Nevada',	'NV'),
(29,	'New Hampshire',	'NH'),
(30,	'New Jersey',	'NJ'),
(31,	'New Mexico',	'NM'),
(32,	'New York',	'NY'),
(33,	'North Carolina',	'NC'),
(34,	'North Dakota',	'ND'),
(35,	'Ohio',	'OH'),
(36,	'Oklahoma',	'OK'),
(37,	'Oregon',	'OR'),
(38,	'Pennsylvania',	'PA'),
(39,	'Rhode Island',	'RI'),
(40,	'South Carolina',	'SC'),
(41,	'South Dakota',	'SD'),
(42,	'Tennessee',	'TN'),
(43,	'Texas',	'TX'),
(44,	'Utah',	'UT'),
(45,	'Vermont',	'VT'),
(46,	'Virginia',	'VA'),
(47,	'Washington',	'WA'),
(48,	'West Virginia',	'WV'),
(49,	'Wisconsin',	'WI'),
(50,	'Wyoming',	'WY');

DROP TABLE IF EXISTS `tbl_status`;
CREATE TABLE `tbl_status` (
  `student_status_id` int(11) NOT NULL AUTO_INCREMENT,
  `student_status` varchar(45) DEFAULT NULL,
  PRIMARY KEY (`student_status_id`)
) ENGINE=InnoDB DEFAULT CHARSET=utf8mb4 COLLATE=utf8mb4_general_ci;

INSERT INTO `tbl_status` (`student_status_id`, `student_status`) VALUES
(1,	'Enabled'),
(2,	'Disabled'),
(3,	NULL);

DROP TABLE IF EXISTS `tbl_student`;
CREATE TABLE `tbl_student` (
  `student_id` int(11) NOT NULL AUTO_INCREMENT,
  `student_fname` varchar(45) DEFAULT NULL,
  `student_mname` varchar(45) DEFAULT NULL,
  `student_lname` varchar(45) DEFAULT NULL,
  `student_suffix_id` int(11) DEFAULT NULL,
  `student_goesby` varchar(45) DEFAULT NULL,
  `student_gender_id` int(11) DEFAULT NULL,
  `student_level_id` int(11) DEFAULT NULL,
  `student_division_id` int(11) DEFAULT NULL,
  `student_age` varchar(45) DEFAULT NULL,
  `student_birthday` date DEFAULT NULL,
  `student_address` varchar(45) DEFAULT NULL,
  `student_address2` varchar(45) DEFAULT NULL,
  `student_city` varchar(45) DEFAULT NULL,
  `student_state_id` int(11) DEFAULT NULL,
  `student_zip` varchar(45) DEFAULT NULL,
  `student_district` varchar(45) DEFAULT NULL,
  `student_status` varchar(45) DEFAULT NULL,
  `student_enrolled` varchar(45) DEFAULT NULL,
  `student_campus_id` int(11) DEFAULT NULL,
  `student_nationality_id` int(11) DEFAULT NULL,
  `student_ethnicity_id` int(11) DEFAULT NULL,
  PRIMARY KEY (`student_id`),
  KEY `student_level` (`student_level_id`),
  KEY `student_gender_id` (`student_gender_id`),
  KEY `student_campus_id` (`student_campus_id`),
  KEY `student_state_id` (`student_state_id`),
  KEY `student_nationality_id` (`student_nationality_id`),
  KEY `student_ethnicity_id` (`student_ethnicity_id`),
  KEY `student_suffix_id` (`student_suffix_id`),
  KEY `student_division` (`student_division_id`),
  CONSTRAINT `tbl_student_ibfk_1` FOREIGN KEY (`student_level_id`) REFERENCES `tbl_levels` (`level_id`),
  CONSTRAINT `tbl_student_ibfk_2` FOREIGN KEY (`student_gender_id`) REFERENCES `tbl_gender` (`gender_id`),
  CONSTRAINT `tbl_student_ibfk_3` FOREIGN KEY (`student_campus_id`) REFERENCES `tbl_campus` (`campus_id`),
  CONSTRAINT `tbl_student_ibfk_4` FOREIGN KEY (`student_state_id`) REFERENCES `tbl_state` (`state_id`),
  CONSTRAINT `tbl_student_ibfk_5` FOREIGN KEY (`student_nationality_id`) REFERENCES `tbl_nationality` (`nationality_id`),
  CONSTRAINT `tbl_student_ibfk_6` FOREIGN KEY (`student_ethnicity_id`) REFERENCES `tbl_ethnicity` (`ethnicity_id`),
  CONSTRAINT `tbl_student_ibfk_7` FOREIGN KEY (`student_suffix_id`) REFERENCES `tbl_suffix` (`suffix_id`)
) ENGINE=InnoDB DEFAULT CHARSET=utf8mb3 COLLATE=utf8mb3_general_ci;

INSERT INTO `tbl_student` (`student_id`, `student_fname`, `student_mname`, `student_lname`, `student_suffix_id`, `student_goesby`, `student_gender_id`, `student_level_id`, `student_division_id`, `student_age`, `student_birthday`, `student_address`, `student_address2`, `student_city`, `student_state_id`, `student_zip`, `student_district`, `student_status`, `student_enrolled`, `student_campus_id`, `student_nationality_id`, `student_ethnicity_id`) VALUES
(11,	'Jeremy',	'David',	'Stitch',	8,	'None',	2,	8,	1,	'11',	'2023-07-04',	'None',	'None',	'None',	1,	'None',	'None',	'1',	'2023-09-01',	1,	1,	1),
(12,	'Quinton',	NULL,	'Kocher',	NULL,	NULL,	2,	14,	NULL,	'18',	'2023-07-04',	NULL,	NULL,	NULL,	NULL,	NULL,	NULL,	NULL,	'2023-09-01',	1,	NULL,	NULL),
(13,	'Lander',	NULL,	'Busse',	NULL,	NULL,	2,	13,	NULL,	'17',	'2023-07-04',	NULL,	NULL,	NULL,	NULL,	NULL,	NULL,	NULL,	'2023-09-01',	1,	NULL,	NULL),
(14,	'Badge',	NULL,	'Busse',	NULL,	NULL,	2,	11,	NULL,	'14',	'2023-07-04',	NULL,	NULL,	NULL,	NULL,	NULL,	NULL,	NULL,	'2023-09-01',	1,	NULL,	NULL),
(15,	'Daniel',	NULL,	'Beresky',	NULL,	NULL,	2,	14,	NULL,	'18',	'2023-07-04',	NULL,	NULL,	NULL,	NULL,	NULL,	NULL,	NULL,	'2023-09-01',	1,	NULL,	NULL),
(16,	'David',	NULL,	'Beresky',	NULL,	NULL,	2,	11,	NULL,	'14',	'2023-07-04',	NULL,	NULL,	NULL,	NULL,	NULL,	NULL,	NULL,	'2023-09-01',	1,	NULL,	NULL),
(17,	'Derek',	NULL,	'Beresky',	NULL,	NULL,	2,	9,	NULL,	'12',	'2023-07-04',	NULL,	NULL,	NULL,	NULL,	NULL,	NULL,	NULL,	'2023-09-01',	1,	NULL,	NULL),
(26,	'Ron',	NULL,	'Allen',	NULL,	NULL,	2,	14,	NULL,	'18',	'2023-07-04',	NULL,	NULL,	NULL,	NULL,	NULL,	NULL,	NULL,	'2023-09-01',	1,	NULL,	NULL),
(27,	'William',	NULL,	'Arthur',	NULL,	NULL,	2,	14,	NULL,	'17',	'2023-07-04',	NULL,	NULL,	NULL,	NULL,	NULL,	NULL,	NULL,	'2023-09-01',	1,	NULL,	NULL),
(29,	'Jeff',	'None',	'Bania',	1,	'None',	2,	11,	1,	'14',	'2023-07-04',	'None',	'None',	'None',	1,	'None',	'None',	'1',	'2023-09-01',	1,	1,	1),
(31,	'Thomas',	NULL,	'Brown',	NULL,	NULL,	2,	5,	NULL,	'8',	'2023-07-04',	NULL,	NULL,	NULL,	NULL,	NULL,	NULL,	NULL,	'2023-09-01',	1,	NULL,	NULL),
(34,	'Jeff',	NULL,	'Clay',	NULL,	NULL,	2,	12,	NULL,	'14',	'2023-07-04',	NULL,	NULL,	NULL,	NULL,	NULL,	NULL,	NULL,	'2023-09-01',	1,	NULL,	NULL),
(37,	'Greg',	NULL,	'Hochstetler',	NULL,	NULL,	2,	2,	NULL,	'5',	'2023-07-04',	NULL,	NULL,	NULL,	NULL,	NULL,	NULL,	NULL,	'2023-09-01',	1,	NULL,	NULL),
(39,	'Tim',	NULL,	'Johnson',	NULL,	NULL,	2,	14,	NULL,	'18',	'2023-07-04',	NULL,	NULL,	NULL,	NULL,	NULL,	NULL,	NULL,	'2023-09-01',	1,	NULL,	NULL),
(40,	'Eric',	NULL,	'Johnson',	NULL,	NULL,	2,	13,	NULL,	'17',	'2023-07-04',	NULL,	NULL,	NULL,	NULL,	NULL,	NULL,	NULL,	'2023-09-01',	1,	NULL,	NULL),
(41,	'Jerry',	NULL,	'King',	NULL,	NULL,	2,	12,	NULL,	'15',	'2023-07-04',	NULL,	NULL,	NULL,	NULL,	NULL,	NULL,	NULL,	'2023-09-01',	1,	NULL,	NULL),
(42,	'James',	NULL,	'Lambright',	NULL,	NULL,	2,	13,	NULL,	'17',	'2023-07-04',	NULL,	NULL,	NULL,	NULL,	NULL,	NULL,	NULL,	'2023-09-01',	1,	NULL,	NULL),
(43,	'Heath',	NULL,	'Lambright',	NULL,	NULL,	2,	9,	NULL,	'12',	'2023-07-04',	NULL,	NULL,	NULL,	NULL,	NULL,	NULL,	NULL,	'2023-09-01',	1,	NULL,	NULL),
(44,	'Rod',	NULL,	'Linville',	NULL,	NULL,	2,	3,	NULL,	'6',	'2023-07-04',	NULL,	NULL,	NULL,	NULL,	NULL,	NULL,	NULL,	'2023-09-01',	1,	NULL,	NULL),
(45,	'Brent',	NULL,	'Lowe',	NULL,	NULL,	2,	10,	NULL,	'13',	'2023-07-04',	NULL,	NULL,	NULL,	NULL,	NULL,	NULL,	NULL,	'2023-09-01',	1,	NULL,	NULL),
(46,	'Rex',	NULL,	'Lowe',	NULL,	NULL,	2,	13,	NULL,	'17',	'2023-07-04',	NULL,	NULL,	NULL,	NULL,	NULL,	NULL,	NULL,	'2023-09-01',	1,	NULL,	NULL),
(47,	'Brian',	NULL,	'Miller',	NULL,	NULL,	2,	14,	NULL,	'18',	'2023-07-04',	NULL,	NULL,	NULL,	NULL,	NULL,	NULL,	NULL,	'2023-09-01',	1,	NULL,	NULL),
(48,	'Timothy',	NULL,	'Miller',	NULL,	NULL,	2,	11,	NULL,	'14',	'2023-07-04',	NULL,	NULL,	NULL,	NULL,	NULL,	NULL,	NULL,	'2023-09-01',	1,	NULL,	NULL),
(49,	'Frank',	NULL,	'Oren',	NULL,	NULL,	2,	13,	NULL,	'17',	'2023-07-04',	NULL,	NULL,	NULL,	NULL,	NULL,	NULL,	NULL,	'2023-09-01',	1,	NULL,	NULL),
(51,	'Matthew',	NULL,	'Patsch',	NULL,	NULL,	2,	12,	NULL,	'15',	'2023-07-04',	NULL,	NULL,	NULL,	NULL,	NULL,	NULL,	NULL,	'2023-09-01',	1,	NULL,	NULL),
(53,	'Chris',	NULL,	'Ricker',	NULL,	NULL,	2,	13,	NULL,	'17',	'2023-07-04',	NULL,	NULL,	NULL,	NULL,	NULL,	NULL,	NULL,	'2023-09-01',	1,	NULL,	NULL),
(54,	'Alan',	NULL,	'Ripper',	NULL,	NULL,	2,	7,	NULL,	'10',	'2023-07-04',	NULL,	NULL,	NULL,	NULL,	NULL,	NULL,	NULL,	'2023-09-01',	1,	NULL,	NULL),
(55,	'Adam',	'None',	'Ripper',	1,	'None',	2,	9,	1,	'12',	'2023-07-04',	'None',	'None',	'None',	1,	'None',	'None',	'1',	'2023-09-01',	1,	1,	1),
(58,	'Tim',	NULL,	'Scheutzow',	NULL,	NULL,	2,	14,	NULL,	'18',	'2023-07-04',	NULL,	NULL,	NULL,	NULL,	NULL,	NULL,	NULL,	'2023-09-01',	1,	NULL,	NULL),
(59,	'Jim',	NULL,	'Surratt',	NULL,	NULL,	2,	1,	NULL,	'4',	'2023-07-04',	NULL,	NULL,	NULL,	NULL,	NULL,	NULL,	NULL,	'2023-09-01',	1,	NULL,	NULL),
(61,	'George',	NULL,	'Vermilyea',	NULL,	NULL,	2,	14,	NULL,	'18',	'2023-07-04',	NULL,	NULL,	NULL,	NULL,	NULL,	NULL,	NULL,	'2023-09-01',	1,	NULL,	NULL),
(64,	'Michael',	NULL,	'Winter',	NULL,	NULL,	2,	13,	NULL,	'17',	'2023-07-04',	NULL,	NULL,	NULL,	NULL,	NULL,	NULL,	NULL,	'2023-09-01',	1,	NULL,	NULL),
(65,	'David',	NULL,	'Winter',	NULL,	NULL,	2,	11,	NULL,	'14',	'2023-07-04',	NULL,	NULL,	NULL,	NULL,	NULL,	NULL,	NULL,	'2023-09-01',	1,	NULL,	NULL),
(69,	'Bill',	NULL,	'Bixby',	NULL,	NULL,	2,	2,	NULL,	'5',	'2023-07-04',	NULL,	NULL,	NULL,	NULL,	NULL,	NULL,	NULL,	'2023-09-01',	1,	NULL,	NULL),
(71,	'Justin',	NULL,	'Brenenstuhl',	NULL,	NULL,	2,	4,	NULL,	'7',	'2023-07-04',	NULL,	NULL,	NULL,	NULL,	NULL,	NULL,	NULL,	'2023-09-01',	1,	NULL,	NULL),
(74,	'Bruce',	NULL,	'Collier',	NULL,	NULL,	2,	12,	NULL,	'15',	'2023-07-04',	NULL,	NULL,	NULL,	NULL,	NULL,	NULL,	NULL,	'2023-09-01',	1,	NULL,	NULL),
(75,	'Matthew',	NULL,	'Hoert',	NULL,	NULL,	2,	5,	NULL,	'8',	'2023-07-04',	NULL,	NULL,	NULL,	NULL,	NULL,	NULL,	NULL,	'2023-09-01',	1,	NULL,	NULL),
(76,	'Chad',	NULL,	'Hoert',	NULL,	NULL,	2,	12,	NULL,	'15',	'2023-07-04',	NULL,	NULL,	NULL,	NULL,	NULL,	NULL,	NULL,	'2023-09-01',	1,	NULL,	NULL),
(77,	'Joshua',	NULL,	'Hoert',	NULL,	NULL,	2,	7,	NULL,	'10',	'2023-07-04',	NULL,	NULL,	NULL,	NULL,	NULL,	NULL,	NULL,	'2023-09-01',	1,	NULL,	NULL),
(78,	'Zach',	NULL,	'Misenko',	NULL,	NULL,	2,	10,	NULL,	'13',	'2023-07-04',	NULL,	NULL,	NULL,	NULL,	NULL,	NULL,	NULL,	'2023-09-01',	1,	NULL,	NULL),
(79,	'Adam',	NULL,	'Misenko',	NULL,	NULL,	2,	9,	NULL,	'12',	'2023-07-04',	NULL,	NULL,	NULL,	NULL,	NULL,	NULL,	NULL,	'2023-09-01',	1,	NULL,	NULL),
(80,	'Seth',	NULL,	'Misenko',	NULL,	NULL,	2,	5,	NULL,	'8',	'2023-07-04',	NULL,	NULL,	NULL,	NULL,	NULL,	NULL,	NULL,	'2023-09-01',	1,	NULL,	NULL),
(83,	'Rob',	NULL,	'Cook',	NULL,	NULL,	2,	1,	NULL,	'4',	'2023-07-04',	NULL,	NULL,	NULL,	NULL,	NULL,	NULL,	NULL,	'2023-09-01',	1,	NULL,	NULL),
(90,	'Shawn',	NULL,	'Gebbie',	NULL,	NULL,	2,	10,	NULL,	'13',	'2023-07-04',	NULL,	NULL,	NULL,	NULL,	NULL,	NULL,	NULL,	'2023-09-01',	1,	NULL,	NULL),
(92,	'Christopher',	NULL,	'Conwill',	NULL,	NULL,	2,	11,	NULL,	'14',	'2023-07-04',	NULL,	NULL,	NULL,	NULL,	NULL,	NULL,	NULL,	'2023-09-01',	1,	NULL,	NULL),
(93,	'David',	NULL,	'Conwill',	NULL,	NULL,	2,	9,	NULL,	'12',	'2023-07-04',	NULL,	NULL,	NULL,	NULL,	NULL,	NULL,	NULL,	'2023-09-01',	1,	NULL,	NULL),
(94,	'David',	NULL,	'Gillespie',	NULL,	NULL,	2,	13,	NULL,	'17',	'2023-07-04',	NULL,	NULL,	NULL,	NULL,	NULL,	NULL,	NULL,	'2023-09-01',	1,	NULL,	NULL),
(99,	'John Mark',	NULL,	'Hershberger',	NULL,	NULL,	2,	2,	NULL,	'5',	'2023-07-04',	NULL,	NULL,	NULL,	NULL,	NULL,	NULL,	NULL,	'2023-09-01',	1,	NULL,	NULL),
(103,	'Kurt',	NULL,	'Kramer',	NULL,	NULL,	2,	3,	NULL,	'6',	'2023-07-04',	NULL,	NULL,	NULL,	NULL,	NULL,	NULL,	NULL,	'2023-09-01',	1,	NULL,	NULL),
(104,	'Kenton',	NULL,	'Kramer',	NULL,	NULL,	2,	11,	NULL,	'14',	'2023-07-04',	NULL,	NULL,	NULL,	NULL,	NULL,	NULL,	NULL,	'2023-09-01',	1,	NULL,	NULL),
(105,	'Tommy',	'None',	'Lamborn',	1,	'None',	2,	8,	1,	'11',	'2023-07-04',	'None',	'None',	'None',	1,	'None',	'None',	'1',	'2023-09-01',	1,	1,	1),
(106,	'David',	NULL,	'Lamborn',	NULL,	NULL,	2,	6,	NULL,	'9',	'2023-07-04',	NULL,	NULL,	NULL,	NULL,	NULL,	NULL,	NULL,	'2023-09-01',	1,	NULL,	NULL),
(107,	'Michael',	'None',	'Leach',	1,	'None',	2,	4,	1,	'7',	'2023-07-04',	'None',	'None',	'None',	1,	'None',	'None',	'1',	'2023-09-01',	1,	1,	1),
(113,	'Jonathan',	NULL,	'Sommer',	NULL,	NULL,	2,	11,	NULL,	'14',	'2023-07-04',	NULL,	NULL,	NULL,	NULL,	NULL,	NULL,	NULL,	'2023-09-01',	1,	NULL,	NULL),
(116,	'Timothy',	NULL,	'McQuerry',	NULL,	NULL,	2,	12,	NULL,	'15',	'2023-07-04',	NULL,	NULL,	NULL,	NULL,	NULL,	NULL,	NULL,	'2023-09-01',	1,	NULL,	NULL),
(117,	'Todd',	NULL,	'Meridith',	NULL,	NULL,	2,	1,	NULL,	'4',	'2023-07-04',	NULL,	NULL,	NULL,	NULL,	NULL,	NULL,	NULL,	'2023-09-01',	1,	NULL,	NULL),
(121,	'Sean',	NULL,	'Miller',	NULL,	NULL,	2,	2,	NULL,	'5',	'2023-07-04',	NULL,	NULL,	NULL,	NULL,	NULL,	NULL,	NULL,	'2023-09-01',	1,	NULL,	NULL),
(122,	'Reed',	NULL,	'Monegan',	NULL,	NULL,	2,	3,	NULL,	'6',	'2023-07-04',	NULL,	NULL,	NULL,	NULL,	NULL,	NULL,	NULL,	'2023-09-01',	1,	NULL,	NULL),
(124,	'Steve',	NULL,	'Nowack',	NULL,	NULL,	2,	9,	NULL,	'12',	'2023-07-04',	NULL,	NULL,	NULL,	NULL,	NULL,	NULL,	NULL,	'2023-09-01',	1,	NULL,	NULL),
(125,	'Matthew',	NULL,	'Oates',	NULL,	NULL,	2,	5,	NULL,	'8',	'2023-07-04',	NULL,	NULL,	NULL,	NULL,	NULL,	NULL,	NULL,	'2023-09-01',	1,	NULL,	NULL),
(127,	'Kevin',	NULL,	'Payne',	NULL,	NULL,	2,	14,	NULL,	'18',	'2023-07-04',	NULL,	NULL,	NULL,	NULL,	NULL,	NULL,	NULL,	'2023-09-01',	1,	NULL,	NULL),
(129,	'Rick',	NULL,	'Powers',	NULL,	NULL,	2,	14,	NULL,	'18',	'2023-07-04',	NULL,	NULL,	NULL,	NULL,	NULL,	NULL,	NULL,	'2023-09-01',	1,	NULL,	NULL),
(130,	'Joshua',	NULL,	'Powers',	NULL,	NULL,	2,	12,	NULL,	'15',	'2023-07-04',	NULL,	NULL,	NULL,	NULL,	NULL,	NULL,	NULL,	'2023-09-01',	1,	NULL,	NULL),
(132,	'Ryan',	NULL,	'Roberts',	NULL,	NULL,	2,	11,	NULL,	'14',	'2023-07-04',	NULL,	NULL,	NULL,	NULL,	NULL,	NULL,	NULL,	'2023-09-01',	1,	NULL,	NULL),
(133,	'Darin',	NULL,	'Rosenvold',	NULL,	NULL,	2,	13,	NULL,	'17',	'2023-07-04',	NULL,	NULL,	NULL,	NULL,	NULL,	NULL,	NULL,	'2023-09-01',	1,	NULL,	NULL),
(135,	'Jeff',	NULL,	'Roth',	NULL,	NULL,	2,	11,	NULL,	'14',	'2023-07-04',	NULL,	NULL,	NULL,	NULL,	NULL,	NULL,	NULL,	'2023-09-01',	1,	NULL,	NULL),
(136,	'Jonathan',	NULL,	'Roth',	NULL,	NULL,	2,	9,	NULL,	'12',	'2023-07-04',	NULL,	NULL,	NULL,	NULL,	NULL,	NULL,	NULL,	'2023-09-01',	1,	NULL,	NULL),
(137,	'John',	NULL,	'Sebestyen',	NULL,	NULL,	2,	14,	NULL,	'18',	'2023-07-04',	NULL,	NULL,	NULL,	NULL,	NULL,	NULL,	NULL,	'2023-09-01',	1,	NULL,	NULL),
(138,	'David',	NULL,	'Snyder',	NULL,	NULL,	2,	4,	NULL,	'7',	'2023-07-04',	NULL,	NULL,	NULL,	NULL,	NULL,	NULL,	NULL,	'2023-09-01',	1,	NULL,	NULL),
(139,	'Timothy',	NULL,	'Work',	NULL,	NULL,	2,	12,	NULL,	'14',	'2023-07-04',	NULL,	NULL,	NULL,	NULL,	NULL,	NULL,	NULL,	'2023-09-01',	1,	NULL,	NULL),
(140,	'Andrew',	NULL,	'Male',	NULL,	NULL,	2,	12,	NULL,	'15',	'2023-07-04',	NULL,	NULL,	NULL,	NULL,	NULL,	NULL,	NULL,	'2023-09-01',	1,	NULL,	NULL),
(144,	'William',	NULL,	'Surgeon',	NULL,	NULL,	2,	14,	NULL,	'18',	'2023-07-04',	NULL,	NULL,	NULL,	NULL,	NULL,	NULL,	NULL,	'2023-09-01',	1,	NULL,	NULL),
(146,	'Ben',	NULL,	'toot',	NULL,	NULL,	2,	12,	NULL,	'15',	'2023-07-04',	NULL,	NULL,	NULL,	NULL,	NULL,	NULL,	NULL,	'2023-09-01',	1,	NULL,	NULL),
(147,	'Michael',	NULL,	'Smith',	NULL,	NULL,	2,	1,	NULL,	'4',	'2023-07-04',	NULL,	NULL,	NULL,	NULL,	NULL,	NULL,	NULL,	'2023-09-01',	1,	NULL,	NULL),
(149,	'Robert',	NULL,	'Ward',	NULL,	NULL,	2,	2,	NULL,	'5',	'2023-07-04',	NULL,	NULL,	NULL,	NULL,	NULL,	NULL,	NULL,	'2023-09-01',	1,	NULL,	NULL),
(150,	'Bob',	NULL,	'Weinerheimer',	NULL,	NULL,	2,	3,	NULL,	'6',	'2023-07-04',	NULL,	NULL,	NULL,	NULL,	NULL,	NULL,	NULL,	'2023-09-01',	1,	NULL,	NULL),
(151,	'Jeff',	NULL,	'Williams',	NULL,	NULL,	2,	5,	NULL,	'8',	'2023-07-04',	NULL,	NULL,	NULL,	NULL,	NULL,	NULL,	NULL,	'2023-09-01',	1,	NULL,	NULL),
(152,	'Bo',	NULL,	'Wilson',	NULL,	NULL,	2,	10,	NULL,	'13',	'2023-07-04',	NULL,	NULL,	NULL,	NULL,	NULL,	NULL,	NULL,	'2023-09-01',	1,	NULL,	NULL),
(153,	'Bill',	NULL,	'Wilson',	NULL,	NULL,	2,	12,	NULL,	'15',	'2023-07-04',	NULL,	NULL,	NULL,	NULL,	NULL,	NULL,	NULL,	'2023-09-01',	1,	NULL,	NULL),
(154,	'Brian',	NULL,	'Wolf',	NULL,	NULL,	2,	4,	NULL,	'7',	'2023-07-04',	NULL,	NULL,	NULL,	NULL,	NULL,	NULL,	NULL,	'2023-09-01',	1,	NULL,	NULL),
(157,	'Jay',	NULL,	'Hardback',	NULL,	NULL,	2,	10,	NULL,	'13',	'2023-07-04',	NULL,	NULL,	NULL,	NULL,	NULL,	NULL,	NULL,	'2023-09-01',	1,	NULL,	NULL),
(158,	'Joe',	NULL,	'Phillips',	NULL,	NULL,	2,	10,	NULL,	'13',	'2023-07-04',	NULL,	NULL,	NULL,	NULL,	NULL,	NULL,	NULL,	'2023-09-01',	1,	NULL,	NULL),
(159,	'Linden',	NULL,	'Phillips',	NULL,	NULL,	2,	13,	NULL,	'17',	'2023-07-04',	NULL,	NULL,	NULL,	NULL,	NULL,	NULL,	NULL,	'2023-09-01',	1,	NULL,	NULL),
(161,	'Tom',	NULL,	'Smith',	NULL,	NULL,	2,	10,	NULL,	'13',	'2023-07-04',	NULL,	NULL,	NULL,	NULL,	NULL,	NULL,	NULL,	'2023-09-01',	1,	NULL,	NULL),
(162,	'Thomas',	NULL,	'Ellison',	NULL,	NULL,	2,	9,	NULL,	'12',	'2023-07-04',	NULL,	NULL,	NULL,	NULL,	NULL,	NULL,	NULL,	'2023-09-01',	1,	NULL,	NULL),
(163,	'Ben',	NULL,	'Legg',	NULL,	NULL,	2,	9,	NULL,	'12',	'2023-07-04',	NULL,	NULL,	NULL,	NULL,	NULL,	NULL,	NULL,	'2023-09-01',	1,	NULL,	NULL),
(164,	'Marty',	NULL,	'Walker',	NULL,	NULL,	2,	9,	NULL,	'12',	'2023-07-04',	NULL,	NULL,	NULL,	NULL,	NULL,	NULL,	NULL,	'2023-09-01',	1,	NULL,	NULL),
(166,	'Bobby',	NULL,	'Scandlon',	NULL,	NULL,	2,	8,	NULL,	'11',	'2023-07-04',	NULL,	NULL,	NULL,	NULL,	NULL,	NULL,	NULL,	'2023-09-01',	1,	NULL,	NULL),
(167,	'Patrick',	NULL,	'Scandlon',	NULL,	NULL,	2,	9,	NULL,	'12',	'2023-07-04',	NULL,	NULL,	NULL,	NULL,	NULL,	NULL,	NULL,	'2023-09-01',	1,	NULL,	NULL),
(168,	'Willard',	NULL,	'Scandlon',	NULL,	NULL,	2,	12,	NULL,	'15',	'2023-07-04',	NULL,	NULL,	NULL,	NULL,	NULL,	NULL,	NULL,	'2023-09-01',	1,	NULL,	NULL),
(169,	'Austin',	NULL,	'Scandlon',	NULL,	NULL,	2,	9,	NULL,	'12',	'2023-07-04',	NULL,	NULL,	NULL,	NULL,	NULL,	NULL,	NULL,	'2023-09-01',	1,	NULL,	NULL),
(170,	'Jimmy',	NULL,	'Myers',	NULL,	NULL,	2,	8,	NULL,	'11',	'2023-07-04',	NULL,	NULL,	NULL,	NULL,	NULL,	NULL,	NULL,	'2023-09-01',	1,	NULL,	NULL),
(175,	'Tony',	NULL,	'Dulgar',	NULL,	NULL,	2,	9,	NULL,	'12',	'2023-07-04',	NULL,	NULL,	NULL,	NULL,	NULL,	NULL,	NULL,	'2023-09-01',	1,	NULL,	NULL),
(176,	'Clifford',	NULL,	'Phillips',	NULL,	NULL,	2,	4,	NULL,	'7',	'2023-07-04',	NULL,	NULL,	NULL,	NULL,	NULL,	NULL,	NULL,	'2023-09-01',	1,	NULL,	NULL),
(177,	'Scott',	NULL,	'Phillips',	NULL,	NULL,	2,	1,	NULL,	'4',	'2023-07-04',	NULL,	NULL,	NULL,	NULL,	NULL,	NULL,	NULL,	'2023-09-01',	1,	NULL,	NULL),
(181,	'Rodge',	NULL,	'Campbel',	NULL,	NULL,	2,	9,	NULL,	'12',	'2023-07-04',	NULL,	NULL,	NULL,	NULL,	NULL,	NULL,	NULL,	'2023-09-01',	1,	NULL,	NULL),
(182,	'Matthew',	NULL,	'Perkins',	NULL,	NULL,	2,	12,	NULL,	'14',	'2023-07-04',	NULL,	NULL,	NULL,	NULL,	NULL,	NULL,	NULL,	'2023-09-01',	1,	NULL,	NULL),
(183,	'Leroy',	NULL,	'Meadows',	NULL,	NULL,	2,	2,	NULL,	'5',	'2023-07-04',	NULL,	NULL,	NULL,	NULL,	NULL,	NULL,	NULL,	'2023-09-01',	1,	NULL,	NULL),
(185,	'John',	NULL,	'Mullins',	NULL,	NULL,	2,	5,	NULL,	'8',	'2023-07-04',	NULL,	NULL,	NULL,	NULL,	NULL,	NULL,	NULL,	'2023-09-01',	1,	NULL,	NULL),
(186,	'Clifford',	NULL,	'Roop',	NULL,	NULL,	2,	6,	NULL,	'9',	'2023-07-04',	NULL,	NULL,	NULL,	NULL,	NULL,	NULL,	NULL,	'2023-09-01',	1,	NULL,	NULL),
(187,	'Timothy',	NULL,	'Roop',	NULL,	NULL,	2,	1,	NULL,	'4',	'2023-07-04',	NULL,	NULL,	NULL,	NULL,	NULL,	NULL,	NULL,	'2023-09-01',	1,	NULL,	NULL),
(189,	'Kim',	NULL,	'Roose',	NULL,	NULL,	2,	13,	NULL,	'17',	'2023-07-04',	NULL,	NULL,	NULL,	NULL,	NULL,	NULL,	NULL,	'2023-09-01',	1,	NULL,	NULL),
(190,	'Stephen',	NULL,	'Schritz',	NULL,	NULL,	2,	8,	NULL,	'11',	'2023-07-04',	NULL,	NULL,	NULL,	NULL,	NULL,	NULL,	NULL,	'2023-09-01',	1,	NULL,	NULL),
(191,	'Bryan',	NULL,	'Schritz',	NULL,	NULL,	2,	14,	NULL,	'18',	'2023-07-04',	NULL,	NULL,	NULL,	NULL,	NULL,	NULL,	NULL,	'2023-09-01',	1,	NULL,	NULL),
(193,	'Michael',	NULL,	'Tanner',	NULL,	NULL,	2,	12,	NULL,	'15',	'2023-07-04',	NULL,	NULL,	NULL,	NULL,	NULL,	NULL,	NULL,	'2023-09-01',	1,	NULL,	NULL),
(194,	'Michael',	NULL,	'Vanek',	NULL,	NULL,	2,	9,	NULL,	'12',	'2023-07-04',	NULL,	NULL,	NULL,	NULL,	NULL,	NULL,	NULL,	'2023-09-01',	1,	NULL,	NULL),
(195,	'Aaron',	NULL,	'Whitty',	NULL,	NULL,	2,	7,	NULL,	'10',	'2023-07-04',	NULL,	NULL,	NULL,	NULL,	NULL,	NULL,	NULL,	'2023-09-01',	1,	NULL,	NULL),
(198,	'Paul',	NULL,	'Brentlinger',	NULL,	NULL,	2,	3,	NULL,	'6',	'2023-07-04',	NULL,	NULL,	NULL,	NULL,	NULL,	NULL,	NULL,	'2023-09-01',	1,	NULL,	NULL),
(199,	'Paul',	NULL,	'DeHart',	NULL,	NULL,	2,	14,	NULL,	'18',	'2023-07-04',	NULL,	NULL,	NULL,	NULL,	NULL,	NULL,	NULL,	'2023-09-01',	1,	NULL,	NULL),
(200,	'Nate',	NULL,	'DeHart',	NULL,	NULL,	2,	12,	NULL,	'15',	'2023-07-04',	NULL,	NULL,	NULL,	NULL,	NULL,	NULL,	NULL,	'2023-09-01',	1,	NULL,	NULL),
(201,	'Nate',	NULL,	'Wolf',	NULL,	NULL,	2,	10,	NULL,	'13',	'2023-07-04',	NULL,	NULL,	NULL,	NULL,	NULL,	NULL,	NULL,	'2023-09-01',	1,	NULL,	NULL),
(202,	'Grant',	NULL,	'Steyer',	NULL,	NULL,	2,	10,	NULL,	'13',	'2023-07-04',	NULL,	NULL,	NULL,	NULL,	NULL,	NULL,	NULL,	'2023-09-01',	1,	NULL,	NULL),
(203,	'Todd',	NULL,	'Steyer',	NULL,	NULL,	2,	8,	NULL,	'11',	'2023-07-04',	NULL,	NULL,	NULL,	NULL,	NULL,	NULL,	NULL,	'2023-09-01',	1,	NULL,	NULL),
(204,	'Teddy',	NULL,	'Guyulas',	NULL,	NULL,	2,	12,	NULL,	'15',	'2023-07-04',	NULL,	NULL,	NULL,	NULL,	NULL,	NULL,	NULL,	'2023-09-01',	1,	NULL,	NULL),
(205,	'Tommy',	'None',	'Guyulas',	8,	'None',	2,	10,	1,	'13',	'2023-07-04',	'None',	'None',	'None',	1,	'None',	'None',	'1',	'2023-09-01',	1,	1,	1),
(206,	'Wyatt',	NULL,	'Cravatas',	NULL,	NULL,	2,	7,	NULL,	'10',	'2023-07-04',	NULL,	NULL,	NULL,	NULL,	NULL,	NULL,	NULL,	'2023-09-01',	1,	NULL,	NULL),
(207,	'Michael',	NULL,	'Deuring',	NULL,	NULL,	2,	3,	NULL,	'5',	'2023-07-04',	NULL,	NULL,	NULL,	NULL,	NULL,	NULL,	NULL,	'2023-09-01',	1,	NULL,	NULL),
(208,	'Aaron',	NULL,	'Hicks',	NULL,	NULL,	2,	4,	NULL,	'7',	'2023-07-04',	NULL,	NULL,	NULL,	NULL,	NULL,	NULL,	NULL,	'2023-09-01',	1,	NULL,	NULL),
(209,	'Doug',	NULL,	'Dougherty',	NULL,	NULL,	2,	5,	NULL,	'8',	'2023-07-04',	NULL,	NULL,	NULL,	NULL,	NULL,	NULL,	NULL,	'2023-09-01',	1,	NULL,	NULL),
(211,	'Matthew',	NULL,	'Honaker',	NULL,	NULL,	2,	6,	NULL,	'9',	'2023-07-04',	NULL,	NULL,	NULL,	NULL,	NULL,	NULL,	NULL,	'2023-09-01',	1,	NULL,	NULL),
(212,	'Anthony',	NULL,	'Brozzowski',	NULL,	NULL,	2,	8,	NULL,	'11',	'2023-07-04',	NULL,	NULL,	NULL,	NULL,	NULL,	NULL,	NULL,	'2023-09-01',	1,	NULL,	NULL),
(213,	'Andrew',	'None',	'Konya',	1,	'None',	2,	5,	1,	'8',	'2023-07-04',	'None',	'None',	'None',	1,	'None',	'None',	'1',	'2023-09-01',	1,	1,	1),
(215,	'Fred',	NULL,	'Leach',	NULL,	NULL,	2,	11,	NULL,	'14',	'2023-07-04',	NULL,	NULL,	NULL,	NULL,	NULL,	NULL,	NULL,	'2023-09-01',	1,	NULL,	NULL),
(216,	'Cole',	NULL,	'Morgan',	NULL,	NULL,	2,	9,	NULL,	'12',	'2023-07-04',	NULL,	NULL,	NULL,	NULL,	NULL,	NULL,	NULL,	'2023-09-01',	1,	NULL,	NULL),
(217,	'Keeler',	NULL,	'North',	NULL,	NULL,	2,	12,	NULL,	'14',	'2023-07-04',	NULL,	NULL,	NULL,	NULL,	NULL,	NULL,	NULL,	'2023-09-01',	1,	NULL,	NULL),
(218,	'Jason',	NULL,	'Routzon',	NULL,	NULL,	2,	4,	NULL,	'7',	'2023-07-04',	NULL,	NULL,	NULL,	NULL,	NULL,	NULL,	NULL,	'2023-09-01',	1,	NULL,	NULL),
(219,	'Jim',	NULL,	'Shimer',	NULL,	NULL,	2,	5,	NULL,	'8',	'2023-07-04',	NULL,	NULL,	NULL,	NULL,	NULL,	NULL,	NULL,	'2023-09-01',	1,	NULL,	NULL),
(220,	'Kevin',	NULL,	'Tinter',	NULL,	NULL,	2,	1,	NULL,	'4',	'2023-07-04',	NULL,	NULL,	NULL,	NULL,	NULL,	NULL,	NULL,	'2023-09-01',	1,	NULL,	NULL),
(221,	'Daniel',	NULL,	'Tousley',	NULL,	NULL,	2,	12,	NULL,	'16',	'2023-07-04',	NULL,	NULL,	NULL,	NULL,	NULL,	NULL,	NULL,	'2023-09-01',	1,	NULL,	NULL),
(223,	'Paul',	NULL,	'Tousley',	NULL,	NULL,	2,	14,	NULL,	'18',	'2023-07-04',	NULL,	NULL,	NULL,	NULL,	NULL,	NULL,	NULL,	'2023-09-01',	1,	NULL,	NULL),
(224,	'Adam',	NULL,	'Whitney',	NULL,	NULL,	2,	12,	NULL,	'14',	'2023-07-04',	NULL,	NULL,	NULL,	NULL,	NULL,	NULL,	NULL,	'2023-09-01',	1,	NULL,	NULL),
(226,	'Seth',	NULL,	'Whitney',	NULL,	NULL,	2,	10,	NULL,	'13',	'2023-07-04',	NULL,	NULL,	NULL,	NULL,	NULL,	NULL,	NULL,	'2023-09-01',	1,	NULL,	NULL),
(227,	'Wesley',	NULL,	'Loudermilk',	NULL,	NULL,	2,	12,	NULL,	'15',	'2023-07-04',	NULL,	NULL,	NULL,	NULL,	NULL,	NULL,	NULL,	'2023-09-01',	1,	NULL,	NULL),
(229,	'Emerson',	NULL,	'Ziegler',	NULL,	NULL,	2,	5,	NULL,	'8',	'2023-07-04',	NULL,	NULL,	NULL,	NULL,	NULL,	NULL,	NULL,	'2023-09-01',	1,	NULL,	NULL),
(230,	'Harrison',	NULL,	'Ziegler',	NULL,	NULL,	2,	3,	NULL,	'6',	'2023-07-04',	NULL,	NULL,	NULL,	NULL,	NULL,	NULL,	NULL,	'2023-09-01',	1,	NULL,	NULL),
(231,	'Wesley',	NULL,	'Ziegler',	NULL,	NULL,	2,	11,	NULL,	'14',	'2023-07-04',	NULL,	NULL,	NULL,	NULL,	NULL,	NULL,	NULL,	'2023-09-01',	1,	NULL,	NULL),
(232,	'Charles',	'None',	'Ziegler',	1,	'None',	2,	8,	1,	'11',	'2023-07-04',	'None',	'None',	'None',	1,	'None',	'None',	'1',	'2023-09-01',	1,	1,	1),
(233,	'David',	NULL,	'Mullins',	NULL,	NULL,	2,	12,	NULL,	'14',	'2023-07-04',	NULL,	NULL,	NULL,	NULL,	NULL,	NULL,	NULL,	'2023-09-01',	1,	NULL,	NULL),
(234,	'Scott',	NULL,	'Severence',	NULL,	NULL,	2,	13,	NULL,	'17',	'2023-07-04',	NULL,	NULL,	NULL,	NULL,	NULL,	NULL,	NULL,	'2023-09-01',	1,	NULL,	NULL),
(235,	'Jason',	NULL,	'Stephens',	NULL,	NULL,	2,	12,	NULL,	'14',	'2023-07-04',	NULL,	NULL,	NULL,	NULL,	NULL,	NULL,	NULL,	'2023-09-01',	1,	NULL,	NULL),
(238,	'Brad',	NULL,	'Seivers',	NULL,	NULL,	2,	3,	NULL,	'6',	'2023-07-04',	NULL,	NULL,	NULL,	NULL,	NULL,	NULL,	NULL,	'2023-09-01',	1,	NULL,	NULL),
(239,	'Zach',	NULL,	'Oswold',	NULL,	NULL,	2,	8,	NULL,	'11',	'2023-07-04',	NULL,	NULL,	NULL,	NULL,	NULL,	NULL,	NULL,	'2023-09-01',	1,	NULL,	NULL),
(240,	'Wes',	NULL,	'Boggs',	NULL,	NULL,	2,	7,	NULL,	'10',	'2023-07-04',	NULL,	NULL,	NULL,	NULL,	NULL,	NULL,	NULL,	'2023-09-01',	1,	NULL,	NULL),
(241,	'Matthew',	NULL,	'Strang',	NULL,	NULL,	2,	7,	NULL,	'10',	'2023-07-04',	NULL,	NULL,	NULL,	NULL,	NULL,	NULL,	NULL,	'2023-09-01',	1,	NULL,	NULL),
(243,	'David',	NULL,	'Meisner',	NULL,	NULL,	2,	13,	NULL,	'17',	'2023-07-04',	NULL,	NULL,	NULL,	NULL,	NULL,	NULL,	NULL,	'2023-09-01',	1,	NULL,	NULL),
(244,	'Wyatt',	NULL,	'Henderson',	NULL,	NULL,	2,	8,	NULL,	'11',	'2023-07-04',	NULL,	NULL,	NULL,	NULL,	NULL,	NULL,	NULL,	'2023-09-01',	1,	NULL,	NULL),
(245,	'Adam',	NULL,	'Wonus',	NULL,	NULL,	2,	8,	NULL,	'11',	'2023-07-04',	NULL,	NULL,	NULL,	NULL,	NULL,	NULL,	NULL,	'2023-09-01',	1,	NULL,	NULL),
(246,	'Matthew',	NULL,	'McCleese',	NULL,	NULL,	2,	6,	NULL,	'9',	'2023-07-04',	NULL,	NULL,	NULL,	NULL,	NULL,	NULL,	NULL,	'2023-09-01',	1,	NULL,	NULL),
(247,	'Cameron',	NULL,	'Vogle',	NULL,	NULL,	2,	8,	NULL,	'11',	'2023-07-04',	NULL,	NULL,	NULL,	NULL,	NULL,	NULL,	NULL,	'2023-09-01',	1,	NULL,	NULL),
(248,	'Bodie',	NULL,	'Hillwig',	NULL,	NULL,	2,	5,	NULL,	'8',	'2023-07-04',	NULL,	NULL,	NULL,	NULL,	NULL,	NULL,	NULL,	'2023-09-01',	1,	NULL,	NULL),
(249,	'Kevin',	NULL,	'Pesheck',	NULL,	NULL,	2,	12,	NULL,	'15',	'2023-07-04',	NULL,	NULL,	NULL,	NULL,	NULL,	NULL,	NULL,	'2023-09-01',	1,	NULL,	NULL),
(250,	'Ian',	NULL,	'Pesheck',	NULL,	NULL,	2,	9,	NULL,	'12',	'2023-07-04',	NULL,	NULL,	NULL,	NULL,	NULL,	NULL,	NULL,	'2023-09-01',	1,	NULL,	NULL),
(251,	'Christian',	'None',	'Pesheck',	1,	'None',	2,	7,	1,	'10',	'2023-07-04',	'None',	'None',	'None',	1,	'None',	'None',	'1',	'2023-09-01',	1,	1,	1),
(252,	'Andy',	NULL,	'Zywick',	NULL,	NULL,	2,	14,	NULL,	'18',	'2023-07-04',	NULL,	NULL,	NULL,	NULL,	NULL,	NULL,	NULL,	'2023-09-01',	1,	NULL,	NULL),
(253,	'John',	NULL,	'Zywick',	NULL,	NULL,	2,	14,	NULL,	'18',	'2023-07-04',	NULL,	NULL,	NULL,	NULL,	NULL,	NULL,	NULL,	'2023-09-01',	1,	NULL,	NULL),
(254,	'David',	NULL,	'Brown',	NULL,	NULL,	2,	14,	NULL,	'18',	'2023-07-04',	NULL,	NULL,	NULL,	NULL,	NULL,	NULL,	NULL,	'2023-09-01',	1,	NULL,	NULL),
(255,	'Andrew',	NULL,	'Stefan',	NULL,	NULL,	2,	11,	NULL,	'14',	'2023-07-04',	NULL,	NULL,	NULL,	NULL,	NULL,	NULL,	NULL,	'2023-09-01',	1,	NULL,	NULL),
(256,	'Matthew',	NULL,	'Stefan',	NULL,	NULL,	2,	8,	NULL,	'11',	'2023-07-04',	NULL,	NULL,	NULL,	NULL,	NULL,	NULL,	NULL,	'2023-09-01',	1,	NULL,	NULL),
(257,	'Christopher',	NULL,	'Brown',	NULL,	NULL,	2,	9,	NULL,	'12',	'2023-07-04',	NULL,	NULL,	NULL,	NULL,	NULL,	NULL,	NULL,	'2023-09-01',	1,	NULL,	NULL),
(259,	'Ben',	NULL,	'Olsen',	NULL,	NULL,	2,	10,	NULL,	'13',	'2023-07-04',	NULL,	NULL,	NULL,	NULL,	NULL,	NULL,	NULL,	'2023-09-01',	1,	NULL,	NULL),
(261,	'Bryce',	NULL,	'Sedio',	NULL,	NULL,	2,	9,	NULL,	'12',	'2023-07-04',	NULL,	NULL,	NULL,	NULL,	NULL,	NULL,	NULL,	'2023-09-01',	1,	NULL,	NULL),
(262,	'Jared',	NULL,	'Wills',	NULL,	NULL,	2,	9,	NULL,	'12',	'2023-07-04',	NULL,	NULL,	NULL,	NULL,	NULL,	NULL,	NULL,	'2023-09-01',	1,	NULL,	NULL),
(263,	'Nick',	NULL,	'WIlls',	NULL,	NULL,	2,	7,	NULL,	'10',	'2023-07-04',	NULL,	NULL,	NULL,	NULL,	NULL,	NULL,	NULL,	'2023-09-01',	1,	NULL,	NULL),
(264,	'Casey',	NULL,	'O\'Brian',	NULL,	NULL,	2,	8,	NULL,	'11',	'2023-07-04',	NULL,	NULL,	NULL,	NULL,	NULL,	NULL,	NULL,	'2023-09-01',	1,	NULL,	NULL),
(265,	'Shawn',	NULL,	'O\'Brian',	NULL,	NULL,	2,	9,	NULL,	'12',	'2023-07-04',	NULL,	NULL,	NULL,	NULL,	NULL,	NULL,	NULL,	'2023-09-01',	1,	NULL,	NULL),
(266,	'Jason',	NULL,	'Linden',	NULL,	NULL,	2,	11,	NULL,	'14',	'2023-07-04',	NULL,	NULL,	NULL,	NULL,	NULL,	NULL,	NULL,	'2023-09-01',	1,	NULL,	NULL),
(267,	'Perry',	NULL,	'Cohen',	NULL,	NULL,	2,	10,	NULL,	'13',	'2023-07-04',	NULL,	NULL,	NULL,	NULL,	NULL,	NULL,	NULL,	'2023-09-01',	1,	NULL,	NULL),
(268,	'Austin',	'None',	'Stephanos',	1,	'None',	2,	10,	1,	'13',	'2023-07-04',	'None',	'None',	'None',	1,	'None',	'None',	'1',	'2023-09-01',	1,	1,	1),
(269,	'Steven',	'None',	'Roque',	1,	'None',	2,	9,	1,	'12',	'2023-07-04',	'None',	'None',	'None',	1,	'None',	'None',	'1',	'2023-09-01',	1,	1,	1),
(270,	'Nathan',	NULL,	'Roque',	NULL,	NULL,	2,	7,	NULL,	'10',	'2023-07-04',	NULL,	NULL,	NULL,	NULL,	NULL,	NULL,	NULL,	'2023-09-01',	1,	NULL,	NULL),
(272,	'Geoffry',	NULL,	'Martel',	NULL,	NULL,	2,	7,	NULL,	'10',	'2023-07-04',	NULL,	NULL,	NULL,	NULL,	NULL,	NULL,	NULL,	'2023-09-01',	1,	NULL,	NULL),
(273,	'Gregory',	'None',	'Martel',	1,	'None',	2,	8,	1,	'11',	'2023-07-04',	'None',	'None',	'None',	1,	'None',	'None',	'1',	'2023-09-01',	1,	1,	1),
(274,	'Grant',	'None',	'Martel',	1,	'None',	2,	12,	1,	'15',	'2023-07-04',	'None',	'None',	'None',	1,	'None',	'None',	'1',	'2023-09-01',	1,	1,	1),
(277,	'Eric',	'None',	'Clinton',	1,	'None',	2,	11,	1,	'14',	'2023-07-04',	'None',	'None',	'None',	1,	'None',	'None',	'1',	'2023-09-01',	1,	1,	1),
(278,	'J\'mark',	NULL,	'Boliver',	NULL,	NULL,	2,	8,	NULL,	'11',	'2023-07-04',	NULL,	NULL,	NULL,	NULL,	NULL,	NULL,	NULL,	'2023-09-01',	1,	NULL,	NULL),
(279,	'J\'Herne',	NULL,	'Boliver',	NULL,	NULL,	2,	13,	NULL,	'17',	'2023-07-04',	NULL,	NULL,	NULL,	NULL,	NULL,	NULL,	NULL,	'2023-09-01',	1,	NULL,	NULL),
(280,	'Mark',	NULL,	'Zurowski',	NULL,	NULL,	2,	8,	NULL,	'11',	'2023-07-04',	NULL,	NULL,	NULL,	NULL,	NULL,	NULL,	NULL,	'2023-09-01',	1,	NULL,	NULL),
(281,	'Matthew',	NULL,	'Zurowski',	NULL,	NULL,	2,	13,	NULL,	'17',	'2023-07-04',	NULL,	NULL,	NULL,	NULL,	NULL,	NULL,	NULL,	'2023-09-01',	1,	NULL,	NULL),
(282,	'Michael',	NULL,	'Zurowski',	NULL,	NULL,	2,	11,	NULL,	'14',	'2023-07-04',	NULL,	NULL,	NULL,	NULL,	NULL,	NULL,	NULL,	'2023-09-01',	1,	NULL,	NULL),
(283,	'Duncan',	NULL,	'McCord',	NULL,	NULL,	2,	9,	NULL,	'12',	'2023-07-04',	NULL,	NULL,	NULL,	NULL,	NULL,	NULL,	NULL,	'2023-09-01',	1,	NULL,	NULL),
(284,	'Malcom',	NULL,	'McCord',	NULL,	NULL,	2,	10,	NULL,	'13',	'2023-07-04',	NULL,	NULL,	NULL,	NULL,	NULL,	NULL,	NULL,	'2023-09-01',	1,	NULL,	NULL),
(285,	'Angus',	NULL,	'McCord',	NULL,	NULL,	2,	7,	NULL,	'10',	'2023-07-04',	NULL,	NULL,	NULL,	NULL,	NULL,	NULL,	NULL,	'2023-09-01',	1,	NULL,	NULL),
(286,	'Clay',	NULL,	'Parris',	NULL,	NULL,	2,	10,	NULL,	'13',	'2023-07-04',	NULL,	NULL,	NULL,	NULL,	NULL,	NULL,	NULL,	'2023-09-01',	1,	NULL,	NULL),
(287,	'Kendall',	NULL,	'Virginia',	NULL,	NULL,	2,	9,	NULL,	'12',	'2023-07-04',	NULL,	NULL,	NULL,	NULL,	NULL,	NULL,	NULL,	'2023-09-01',	1,	NULL,	NULL),
(288,	'Mathias',	NULL,	'Uribe',	NULL,	NULL,	2,	11,	NULL,	'14',	'2023-07-04',	NULL,	NULL,	NULL,	NULL,	NULL,	NULL,	NULL,	'2023-09-01',	1,	NULL,	NULL),
(289,	'Nicholas',	NULL,	'Uribe',	NULL,	NULL,	2,	13,	NULL,	'17',	'2023-07-04',	NULL,	NULL,	NULL,	NULL,	NULL,	NULL,	NULL,	'2023-09-01',	1,	NULL,	NULL),
(290,	'Michael',	NULL,	'Stolzenberg',	NULL,	NULL,	2,	10,	NULL,	'13',	'2023-07-04',	NULL,	NULL,	NULL,	NULL,	NULL,	NULL,	NULL,	'2023-09-01',	1,	NULL,	NULL),
(291,	'Harris',	NULL,	'Stolzenberg',	NULL,	NULL,	2,	14,	NULL,	'18',	'2023-07-04',	NULL,	NULL,	NULL,	NULL,	NULL,	NULL,	NULL,	'2023-09-01',	1,	NULL,	NULL),
(292,	'Philip',	NULL,	'Mashki',	NULL,	NULL,	2,	9,	NULL,	'12',	'2023-07-04',	NULL,	NULL,	NULL,	NULL,	NULL,	NULL,	NULL,	'2023-09-01',	1,	NULL,	NULL),
(293,	'Philip',	NULL,	'Mahi',	NULL,	NULL,	2,	9,	NULL,	'12',	'2023-07-04',	NULL,	NULL,	NULL,	NULL,	NULL,	NULL,	NULL,	'2023-09-01',	1,	NULL,	NULL),
(294,	'Florian',	NULL,	'France',	NULL,	NULL,	2,	10,	NULL,	'14',	'2023-07-04',	NULL,	NULL,	NULL,	NULL,	NULL,	NULL,	NULL,	'2023-09-01',	1,	NULL,	NULL),
(295,	'Julian',	NULL,	'France',	NULL,	NULL,	2,	8,	NULL,	'11',	'2023-07-04',	NULL,	NULL,	NULL,	NULL,	NULL,	NULL,	NULL,	'2023-09-01',	1,	NULL,	NULL),
(297,	'Donny',	NULL,	'harmison',	NULL,	NULL,	2,	11,	NULL,	'14',	'2023-07-04',	NULL,	NULL,	NULL,	NULL,	NULL,	NULL,	NULL,	'2023-09-01',	1,	NULL,	NULL),
(299,	'Donny',	NULL,	'MPMS',	NULL,	NULL,	2,	9,	NULL,	'12',	'2023-07-04',	NULL,	NULL,	NULL,	NULL,	NULL,	NULL,	NULL,	'2023-09-01',	1,	NULL,	NULL),
(300,	'Chris',	NULL,	'Keope',	NULL,	NULL,	2,	9,	NULL,	'12',	'2023-07-04',	NULL,	NULL,	NULL,	NULL,	NULL,	NULL,	NULL,	'2023-09-01',	1,	NULL,	NULL),
(301,	'Jake',	NULL,	'Carner',	NULL,	NULL,	2,	10,	NULL,	'13',	'2023-07-04',	NULL,	NULL,	NULL,	NULL,	NULL,	NULL,	NULL,	'2023-09-01',	1,	NULL,	NULL),
(302,	'Jake',	NULL,	'Jurowski',	NULL,	NULL,	2,	10,	NULL,	'13',	'2023-07-04',	NULL,	NULL,	NULL,	NULL,	NULL,	NULL,	NULL,	'2023-09-01',	1,	NULL,	NULL),
(303,	'Robbie',	'None',	'MPMS',	1,	'None',	2,	10,	1,	'14',	'2023-07-04',	'None',	'None',	'None',	1,	'None',	'None',	'1',	'2023-09-01',	1,	1,	1),
(304,	'Phillip',	NULL,	'Green',	NULL,	NULL,	2,	10,	NULL,	'13',	'2023-07-04',	NULL,	NULL,	NULL,	NULL,	NULL,	NULL,	NULL,	'2023-09-01',	1,	NULL,	NULL),
(305,	'Shawn',	NULL,	'Green',	NULL,	NULL,	2,	9,	NULL,	'12',	'2023-07-04',	NULL,	NULL,	NULL,	NULL,	NULL,	NULL,	NULL,	'2023-09-01',	1,	NULL,	NULL),
(306,	'shawn',	NULL,	'gray',	NULL,	NULL,	2,	10,	NULL,	'13',	'2023-07-04',	NULL,	NULL,	NULL,	NULL,	NULL,	NULL,	NULL,	'2023-09-01',	1,	NULL,	NULL),
(307,	'Brandon',	NULL,	'Knight',	NULL,	NULL,	2,	10,	NULL,	'13',	'2023-07-04',	NULL,	NULL,	NULL,	NULL,	NULL,	NULL,	NULL,	'2023-09-01',	1,	NULL,	NULL),
(308,	'Phillip',	NULL,	'Wilsie',	NULL,	NULL,	2,	11,	NULL,	'14',	'2023-07-04',	NULL,	NULL,	NULL,	NULL,	NULL,	NULL,	NULL,	'2023-09-01',	1,	NULL,	NULL),
(309,	'Caleb',	NULL,	'Hollo',	NULL,	NULL,	2,	12,	NULL,	'14',	'2023-07-04',	NULL,	NULL,	NULL,	NULL,	NULL,	NULL,	NULL,	'2023-09-01',	1,	NULL,	NULL),
(310,	'Jared',	NULL,	'Grey',	NULL,	NULL,	2,	10,	NULL,	'13',	'2023-07-04',	NULL,	NULL,	NULL,	NULL,	NULL,	NULL,	NULL,	'2023-09-01',	1,	NULL,	NULL),
(311,	'Redmond',	NULL,	'Gerard',	NULL,	NULL,	2,	13,	NULL,	'17',	'2023-07-04',	NULL,	NULL,	NULL,	NULL,	NULL,	NULL,	NULL,	'2023-09-01',	1,	NULL,	NULL),
(312,	'Tom',	NULL,	'Holland',	NULL,	NULL,	2,	12,	NULL,	'14',	'2023-07-04',	NULL,	NULL,	NULL,	NULL,	NULL,	NULL,	NULL,	'2023-09-01',	1,	NULL,	NULL),
(313,	'Lucas',	NULL,	'Judy',	NULL,	NULL,	2,	9,	NULL,	'12',	'2023-07-04',	NULL,	NULL,	NULL,	NULL,	NULL,	NULL,	NULL,	'2023-09-01',	1,	NULL,	NULL),
(314,	'Lucas',	NULL,	'Benentt',	NULL,	NULL,	2,	11,	NULL,	'14',	'2023-07-04',	NULL,	NULL,	NULL,	NULL,	NULL,	NULL,	NULL,	'2023-09-01',	1,	NULL,	NULL),
(315,	'Jared',	NULL,	'Enting',	NULL,	NULL,	2,	11,	NULL,	'14',	'2023-07-04',	NULL,	NULL,	NULL,	NULL,	NULL,	NULL,	NULL,	'2023-09-01',	1,	NULL,	NULL),
(316,	'Jared',	NULL,	'MPMS',	NULL,	NULL,	2,	9,	NULL,	'12',	'2023-07-04',	NULL,	NULL,	NULL,	NULL,	NULL,	NULL,	NULL,	'2023-09-01',	1,	NULL,	NULL),
(317,	'Frank',	NULL,	'Panstingal',	NULL,	NULL,	2,	11,	NULL,	'14',	'2023-07-04',	NULL,	NULL,	NULL,	NULL,	NULL,	NULL,	NULL,	'2023-09-01',	1,	NULL,	NULL),
(318,	'Adrian',	NULL,	'Wilson',	NULL,	NULL,	2,	11,	NULL,	'14',	'2023-07-04',	NULL,	NULL,	NULL,	NULL,	NULL,	NULL,	NULL,	'2023-09-01',	1,	NULL,	NULL),
(319,	'Cory',	NULL,	'Saddler',	NULL,	NULL,	2,	11,	NULL,	'14',	'2023-07-04',	NULL,	NULL,	NULL,	NULL,	NULL,	NULL,	NULL,	'2023-09-01',	1,	NULL,	NULL),
(320,	'Nick',	NULL,	'Markley',	NULL,	NULL,	2,	12,	NULL,	'15',	'2023-07-04',	NULL,	NULL,	NULL,	NULL,	NULL,	NULL,	NULL,	'2023-09-01',	1,	NULL,	NULL),
(321,	'Telo ',	NULL,	'Grove',	NULL,	NULL,	2,	7,	NULL,	'10',	'2023-07-04',	NULL,	NULL,	NULL,	NULL,	NULL,	NULL,	NULL,	'2023-09-01',	1,	NULL,	NULL),
(324,	'Danny',	NULL,	'Bevan',	NULL,	NULL,	2,	10,	NULL,	'13',	'2023-07-04',	NULL,	NULL,	NULL,	NULL,	NULL,	NULL,	NULL,	'2023-09-01',	1,	NULL,	NULL),
(328,	'Josh',	NULL,	'Green',	NULL,	NULL,	2,	9,	NULL,	'12',	'2023-07-04',	NULL,	NULL,	NULL,	NULL,	NULL,	NULL,	NULL,	'2023-09-01',	1,	NULL,	NULL),
(329,	'Garett',	NULL,	'Stewart',	NULL,	NULL,	2,	9,	NULL,	'12',	'2023-07-04',	NULL,	NULL,	NULL,	NULL,	NULL,	NULL,	NULL,	'2023-09-01',	1,	NULL,	NULL),
(331,	'Mark',	NULL,	'Bazemore',	NULL,	NULL,	2,	12,	NULL,	'15',	'2023-07-04',	NULL,	NULL,	NULL,	NULL,	NULL,	NULL,	NULL,	'2023-09-01',	1,	NULL,	NULL),
(332,	'John',	NULL,	'McVicker',	NULL,	NULL,	2,	11,	NULL,	'14',	'2023-07-04',	NULL,	NULL,	NULL,	NULL,	NULL,	NULL,	NULL,	'2023-09-01',	1,	NULL,	NULL),
(333,	'Frank',	NULL,	'DeCapio',	NULL,	NULL,	2,	9,	NULL,	'12',	'2023-07-04',	NULL,	NULL,	NULL,	NULL,	NULL,	NULL,	NULL,	'2023-09-01',	1,	NULL,	NULL),
(334,	'Mark',	NULL,	'Sunde',	NULL,	NULL,	2,	8,	NULL,	'11',	'2023-07-04',	NULL,	NULL,	NULL,	NULL,	NULL,	NULL,	NULL,	'2023-09-01',	1,	NULL,	NULL),
(335,	'Jeremy',	NULL,	'Morningstar',	NULL,	NULL,	2,	9,	NULL,	'12',	'2023-07-04',	NULL,	NULL,	NULL,	NULL,	NULL,	NULL,	NULL,	'2023-09-01',	1,	NULL,	NULL),
(336,	'Jordan',	NULL,	'Zolman',	NULL,	NULL,	2,	10,	NULL,	'13',	'2023-07-04',	NULL,	NULL,	NULL,	NULL,	NULL,	NULL,	NULL,	'2023-09-01',	1,	NULL,	NULL),
(337,	'John',	NULL,	'Skyview',	NULL,	NULL,	2,	10,	NULL,	'13',	'2023-07-04',	NULL,	NULL,	NULL,	NULL,	NULL,	NULL,	NULL,	'2023-09-01',	1,	NULL,	NULL),
(338,	'Mason',	NULL,	'Cooley',	NULL,	NULL,	2,	10,	NULL,	'13',	'2023-07-04',	NULL,	NULL,	NULL,	NULL,	NULL,	NULL,	NULL,	'2023-09-01',	1,	NULL,	NULL),
(339,	'Connor',	NULL,	'masonfriend',	NULL,	NULL,	2,	10,	NULL,	'13',	'2023-07-04',	NULL,	NULL,	NULL,	NULL,	NULL,	NULL,	NULL,	'2023-09-01',	1,	NULL,	NULL),
(340,	'Greg',	NULL,	'Kinitis',	NULL,	NULL,	2,	12,	NULL,	'15',	'2023-07-04',	NULL,	NULL,	NULL,	NULL,	NULL,	NULL,	NULL,	'2023-09-01',	1,	NULL,	NULL),
(341,	'Adam',	NULL,	'Johnson',	NULL,	NULL,	2,	7,	NULL,	'10',	'2023-07-04',	NULL,	NULL,	NULL,	NULL,	NULL,	NULL,	NULL,	'2023-09-01',	1,	NULL,	NULL),
(342,	'Justin',	NULL,	'Bonheim',	NULL,	NULL,	2,	8,	NULL,	'11',	'2023-07-04',	NULL,	NULL,	NULL,	NULL,	NULL,	NULL,	NULL,	'2023-09-01',	1,	NULL,	NULL),
(343,	'Blake',	NULL,	'Bonheim',	NULL,	NULL,	2,	5,	NULL,	'8',	'2023-07-04',	NULL,	NULL,	NULL,	NULL,	NULL,	NULL,	NULL,	'2023-09-01',	1,	NULL,	NULL),
(344,	'Andrew',	NULL,	'Sherer',	NULL,	NULL,	2,	13,	NULL,	'17',	'2023-07-04',	NULL,	NULL,	NULL,	NULL,	NULL,	NULL,	NULL,	'2023-09-01',	1,	NULL,	NULL),
(345,	'Mark',	NULL,	'Zuiderveen',	NULL,	NULL,	2,	13,	NULL,	'17',	'2023-07-04',	NULL,	NULL,	NULL,	NULL,	NULL,	NULL,	NULL,	'2023-09-01',	1,	NULL,	NULL),
(346,	'Jim',	NULL,	'Ringer',	NULL,	NULL,	2,	14,	NULL,	'18',	'2023-07-04',	NULL,	NULL,	NULL,	NULL,	NULL,	NULL,	NULL,	'2023-09-01',	1,	NULL,	NULL),
(347,	'Jason',	NULL,	'Mascari',	NULL,	NULL,	2,	14,	NULL,	'18',	'2023-07-04',	NULL,	NULL,	NULL,	NULL,	NULL,	NULL,	NULL,	'2023-09-01',	1,	NULL,	NULL),
(348,	'brent',	NULL,	'Davis',	NULL,	NULL,	2,	14,	NULL,	'18',	'2023-07-04',	NULL,	NULL,	NULL,	NULL,	NULL,	NULL,	NULL,	'2023-09-01',	1,	NULL,	NULL),
(349,	'Danny',	NULL,	'Kyper',	NULL,	NULL,	2,	13,	NULL,	'17',	'2023-07-04',	NULL,	NULL,	NULL,	NULL,	NULL,	NULL,	NULL,	'2023-09-01',	1,	NULL,	NULL),
(350,	'Danny',	NULL,	'Webster',	NULL,	NULL,	2,	11,	NULL,	'15',	'2023-07-04',	NULL,	NULL,	NULL,	NULL,	NULL,	NULL,	NULL,	'2023-09-01',	1,	NULL,	NULL),
(351,	'clay',	NULL,	'Febus',	NULL,	NULL,	2,	14,	NULL,	'18',	'2023-07-04',	NULL,	NULL,	NULL,	NULL,	NULL,	NULL,	NULL,	'2023-09-01',	1,	NULL,	NULL),
(352,	'Brian',	NULL,	'clayfriend',	NULL,	NULL,	2,	14,	NULL,	'18',	'2023-07-04',	NULL,	NULL,	NULL,	NULL,	NULL,	NULL,	NULL,	'2023-09-01',	1,	NULL,	NULL),
(353,	'David',	NULL,	'Farley',	NULL,	NULL,	2,	9,	NULL,	'12',	'2023-07-04',	NULL,	NULL,	NULL,	NULL,	NULL,	NULL,	NULL,	'2023-09-01',	1,	NULL,	NULL),
(354,	'Tyler',	NULL,	'Andrew',	NULL,	NULL,	2,	7,	NULL,	'10',	'2023-07-04',	NULL,	NULL,	NULL,	NULL,	NULL,	NULL,	NULL,	'2023-09-01',	1,	NULL,	NULL),
(355,	'Brian',	NULL,	'Vickers',	NULL,	NULL,	2,	10,	NULL,	'13',	'2023-07-04',	NULL,	NULL,	NULL,	NULL,	NULL,	NULL,	NULL,	'2023-09-01',	1,	NULL,	NULL),
(356,	'Anthony',	NULL,	'PIasano',	NULL,	NULL,	2,	9,	NULL,	'12',	'2023-07-04',	NULL,	NULL,	NULL,	NULL,	NULL,	NULL,	NULL,	'2023-09-01',	1,	NULL,	NULL),
(357,	'Zach',	NULL,	'Arnold',	NULL,	NULL,	2,	10,	NULL,	'13',	'2023-07-04',	NULL,	NULL,	NULL,	NULL,	NULL,	NULL,	NULL,	'2023-09-01',	1,	NULL,	NULL),
(358,	'Brandon',	NULL,	'Kaskey',	NULL,	NULL,	2,	8,	NULL,	'11',	'2023-07-04',	NULL,	NULL,	NULL,	NULL,	NULL,	NULL,	NULL,	'2023-09-01',	1,	NULL,	NULL),
(359,	'Jimmy',	NULL,	'Kaskey',	NULL,	NULL,	2,	9,	NULL,	'12',	'2023-07-04',	NULL,	NULL,	NULL,	NULL,	NULL,	NULL,	NULL,	'2023-09-01',	1,	NULL,	NULL),
(360,	'Jimmy',	NULL,	'Guess',	NULL,	NULL,	2,	10,	NULL,	'13',	'2023-07-04',	NULL,	NULL,	NULL,	NULL,	NULL,	NULL,	NULL,	'2023-09-01',	1,	NULL,	NULL),
(361,	'Eric',	NULL,	'Guillentine',	NULL,	NULL,	2,	11,	NULL,	'14',	'2023-07-04',	NULL,	NULL,	NULL,	NULL,	NULL,	NULL,	NULL,	'2023-09-01',	1,	NULL,	NULL),
(362,	'Joshua',	NULL,	'Mullins',	NULL,	NULL,	2,	11,	NULL,	'14',	'2023-07-04',	NULL,	NULL,	NULL,	NULL,	NULL,	NULL,	NULL,	'2023-09-01',	1,	NULL,	NULL),
(363,	'Nathan',	NULL,	'Cunningham',	NULL,	NULL,	2,	12,	NULL,	'16',	'2023-07-04',	NULL,	NULL,	NULL,	NULL,	NULL,	NULL,	NULL,	'2023-09-01',	1,	NULL,	NULL),
(364,	'Seth',	NULL,	'Cunningham',	NULL,	NULL,	2,	10,	NULL,	'13',	'2023-07-04',	NULL,	NULL,	NULL,	NULL,	NULL,	NULL,	NULL,	'2023-09-01',	1,	NULL,	NULL),
(365,	'Benny',	NULL,	'Cunningham',	NULL,	NULL,	2,	9,	NULL,	'12',	'2023-07-04',	NULL,	NULL,	NULL,	NULL,	NULL,	NULL,	NULL,	'2023-09-01',	1,	NULL,	NULL),
(367,	'Alexi',	NULL,	'Ivanovich',	NULL,	NULL,	2,	8,	NULL,	'12',	'2023-07-04',	NULL,	NULL,	NULL,	NULL,	NULL,	NULL,	NULL,	'2023-09-01',	1,	NULL,	NULL),
(368,	'Ivan',	NULL,	'Demitrovich',	NULL,	NULL,	2,	9,	NULL,	'12',	'2023-07-04',	NULL,	NULL,	NULL,	NULL,	NULL,	NULL,	NULL,	'2023-09-01',	1,	NULL,	NULL),
(369,	'Dale',	NULL,	'Berskin',	NULL,	NULL,	2,	10,	NULL,	'13',	'2023-07-04',	NULL,	NULL,	NULL,	NULL,	NULL,	NULL,	NULL,	'2023-09-01',	1,	NULL,	NULL),
(370,	'Matt',	NULL,	'Carper',	NULL,	NULL,	2,	10,	NULL,	'13',	'2023-07-04',	NULL,	NULL,	NULL,	NULL,	NULL,	NULL,	NULL,	'2023-09-01',	1,	NULL,	NULL),
(371,	'Jack',	NULL,	'Carper',	NULL,	NULL,	2,	10,	NULL,	'13',	'2023-07-04',	NULL,	NULL,	NULL,	NULL,	NULL,	NULL,	NULL,	'2023-09-01',	1,	NULL,	NULL),
(372,	'Austin',	NULL,	'Oh',	NULL,	NULL,	2,	10,	NULL,	'13',	'2023-07-04',	NULL,	NULL,	NULL,	NULL,	NULL,	NULL,	NULL,	'2023-09-01',	1,	NULL,	NULL),
(373,	'Ryan',	NULL,	'Hornack',	NULL,	NULL,	2,	11,	NULL,	'14',	'2023-07-04',	NULL,	NULL,	NULL,	NULL,	NULL,	NULL,	NULL,	'2023-09-01',	1,	NULL,	NULL),
(374,	'Shawn',	NULL,	'Baisden',	NULL,	NULL,	2,	6,	NULL,	'9',	'2023-07-04',	NULL,	NULL,	NULL,	NULL,	NULL,	NULL,	NULL,	'2023-09-01',	1,	NULL,	NULL),
(375,	'Jimmy',	NULL,	'Meyers',	NULL,	NULL,	2,	6,	NULL,	'9',	'2023-07-04',	NULL,	NULL,	NULL,	NULL,	NULL,	NULL,	NULL,	'2023-09-01',	1,	NULL,	NULL),
(376,	'Jimmy',	NULL,	'Murphy',	NULL,	NULL,	2,	14,	NULL,	'18',	'2023-07-04',	NULL,	NULL,	NULL,	NULL,	NULL,	NULL,	NULL,	'2023-09-01',	1,	NULL,	NULL),
(377,	'Brad',	NULL,	'Brock',	NULL,	NULL,	2,	14,	NULL,	'18',	'2023-07-04',	NULL,	NULL,	NULL,	NULL,	NULL,	NULL,	NULL,	'2023-09-01',	1,	NULL,	NULL),
(378,	'Randy',	NULL,	'Richner',	NULL,	NULL,	2,	14,	NULL,	'18',	'2023-07-04',	NULL,	NULL,	NULL,	NULL,	NULL,	NULL,	NULL,	'2023-09-01',	1,	NULL,	NULL),
(381,	'Andrew',	NULL,	'Witzak',	NULL,	NULL,	2,	10,	NULL,	'13',	'2023-07-04',	NULL,	NULL,	NULL,	NULL,	NULL,	NULL,	NULL,	'2023-09-01',	1,	NULL,	NULL),
(382,	'Andrew',	NULL,	'Williams',	NULL,	NULL,	2,	6,	NULL,	'9',	'2023-07-04',	NULL,	NULL,	NULL,	NULL,	NULL,	NULL,	NULL,	'2023-09-01',	1,	NULL,	NULL),
(383,	'Kyle',	NULL,	'Bruffy',	NULL,	NULL,	2,	10,	NULL,	'14',	'2023-07-04',	NULL,	NULL,	NULL,	NULL,	NULL,	NULL,	NULL,	'2023-09-01',	1,	NULL,	NULL),
(384,	'Alex',	NULL,	'dakota',	NULL,	NULL,	2,	9,	NULL,	'12',	'2023-07-04',	NULL,	NULL,	NULL,	NULL,	NULL,	NULL,	NULL,	'2023-09-01',	1,	NULL,	NULL),
(385,	'Danny',	NULL,	'Dakota',	NULL,	NULL,	2,	6,	NULL,	'9',	'2023-07-04',	NULL,	NULL,	NULL,	NULL,	NULL,	NULL,	NULL,	'2023-09-01',	1,	NULL,	NULL),
(386,	'David',	NULL,	'Calif',	NULL,	NULL,	2,	13,	NULL,	'11',	'2023-07-04',	NULL,	NULL,	NULL,	NULL,	NULL,	NULL,	NULL,	'2023-09-01',	1,	NULL,	NULL),
(387,	'Jeremy',	NULL,	'playfirstbase',	NULL,	NULL,	2,	10,	NULL,	'13',	'2023-07-04',	NULL,	NULL,	NULL,	NULL,	NULL,	NULL,	NULL,	'2023-09-01',	1,	NULL,	NULL),
(388,	'David',	NULL,	'Jamison',	NULL,	NULL,	2,	8,	NULL,	'11',	'2023-07-04',	NULL,	NULL,	NULL,	NULL,	NULL,	NULL,	NULL,	'2023-09-01',	1,	NULL,	NULL),
(389,	'Barry',	NULL,	'Horvath',	NULL,	NULL,	2,	6,	NULL,	'9',	'2023-07-04',	NULL,	NULL,	NULL,	NULL,	NULL,	NULL,	NULL,	'2023-09-01',	1,	NULL,	NULL),
(390,	'Marc',	NULL,	'Berry',	NULL,	NULL,	2,	9,	NULL,	'12',	'2023-07-04',	NULL,	NULL,	NULL,	NULL,	NULL,	NULL,	NULL,	'2023-09-01',	1,	NULL,	NULL),
(391,	'Marc',	NULL,	'Calif',	NULL,	NULL,	2,	11,	NULL,	'14',	'2023-07-04',	NULL,	NULL,	NULL,	NULL,	NULL,	NULL,	NULL,	'2023-09-01',	1,	NULL,	NULL),
(392,	'Troy',	NULL,	'Berry',	NULL,	NULL,	2,	8,	NULL,	'11',	'2023-07-04',	NULL,	NULL,	NULL,	NULL,	NULL,	NULL,	NULL,	'2023-09-01',	1,	NULL,	NULL),
(393,	'Kyle',	NULL,	'Chippewa',	NULL,	NULL,	2,	10,	NULL,	'14',	'2023-07-04',	NULL,	NULL,	NULL,	NULL,	NULL,	NULL,	NULL,	'2023-09-01',	1,	NULL,	NULL),
(394,	'Matthew',	NULL,	'Lacrosse',	NULL,	NULL,	2,	12,	NULL,	'15',	'2023-07-04',	NULL,	NULL,	NULL,	NULL,	NULL,	NULL,	NULL,	'2023-09-01',	1,	NULL,	NULL),
(395,	'Derwin',	NULL,	'Loverink',	NULL,	NULL,	2,	13,	NULL,	'16',	'2023-07-04',	NULL,	NULL,	NULL,	NULL,	NULL,	NULL,	NULL,	'2023-09-01',	1,	NULL,	NULL),
(396,	'Peter',	NULL,	'Loverink',	NULL,	NULL,	2,	8,	NULL,	'11',	'2023-07-04',	NULL,	NULL,	NULL,	NULL,	NULL,	NULL,	NULL,	'2023-09-01',	1,	NULL,	NULL),
(397,	'Aiden',	NULL,	'Loverink',	NULL,	NULL,	2,	6,	NULL,	'9',	'2023-07-04',	NULL,	NULL,	NULL,	NULL,	NULL,	NULL,	NULL,	'2023-09-01',	1,	NULL,	NULL),
(398,	'Gordy',	NULL,	'Sanders',	NULL,	NULL,	2,	13,	NULL,	'17',	'2023-07-04',	NULL,	NULL,	NULL,	NULL,	NULL,	NULL,	NULL,	'2023-09-01',	1,	NULL,	NULL),
(399,	'Nico',	NULL,	'White',	NULL,	NULL,	2,	11,	NULL,	'14',	'2023-07-04',	NULL,	NULL,	NULL,	NULL,	NULL,	NULL,	NULL,	'2023-09-01',	1,	NULL,	NULL),
(400,	'Tommy',	NULL,	'Brady',	NULL,	NULL,	2,	10,	NULL,	'13',	'2023-07-04',	NULL,	NULL,	NULL,	NULL,	NULL,	NULL,	NULL,	'2023-09-01',	1,	NULL,	NULL),
(401,	'Aaron',	NULL,	'Green',	NULL,	NULL,	2,	6,	NULL,	'9',	'2023-07-04',	NULL,	NULL,	NULL,	NULL,	NULL,	NULL,	NULL,	'2023-09-01',	1,	NULL,	NULL),
(405,	'Mike',	NULL,	'Long',	NULL,	NULL,	2,	13,	NULL,	'17',	'2023-07-04',	NULL,	NULL,	NULL,	NULL,	NULL,	NULL,	NULL,	'2023-09-01',	1,	NULL,	NULL),
(406,	'Mike',	NULL,	'Cole',	NULL,	NULL,	2,	6,	NULL,	'9',	'2023-07-04',	NULL,	NULL,	NULL,	NULL,	NULL,	NULL,	NULL,	'2023-09-01',	1,	NULL,	NULL),
(407,	'Jordan',	NULL,	'Grills',	NULL,	NULL,	2,	8,	NULL,	'11',	'2023-07-04',	NULL,	NULL,	NULL,	NULL,	NULL,	NULL,	NULL,	'2023-09-01',	1,	NULL,	NULL),
(408,	'Johnny',	NULL,	'McDougal',	NULL,	NULL,	2,	14,	NULL,	'18',	'2023-07-04',	NULL,	NULL,	NULL,	NULL,	NULL,	NULL,	NULL,	'2023-09-01',	1,	NULL,	NULL),
(409,	'Steve',	NULL,	'Brown',	NULL,	NULL,	2,	13,	NULL,	'17',	'2023-07-04',	NULL,	NULL,	NULL,	NULL,	NULL,	NULL,	NULL,	'2023-09-01',	1,	NULL,	NULL),
(410,	'Greg',	NULL,	'Streme',	NULL,	NULL,	2,	11,	NULL,	'14',	'2023-07-04',	NULL,	NULL,	NULL,	NULL,	NULL,	NULL,	NULL,	'2023-09-01',	1,	NULL,	NULL),
(411,	'Abdul',	NULL,	'Gassed',	NULL,	NULL,	2,	11,	NULL,	'14',	'2023-07-04',	NULL,	NULL,	NULL,	NULL,	NULL,	NULL,	NULL,	'2023-09-01',	1,	NULL,	NULL),
(412,	'Greg ',	NULL,	'Cornelius',	NULL,	NULL,	2,	10,	NULL,	'14',	'2023-07-04',	NULL,	NULL,	NULL,	NULL,	NULL,	NULL,	NULL,	'2023-09-01',	1,	NULL,	NULL),
(414,	'Bobby',	NULL,	'Pembridge',	NULL,	NULL,	2,	8,	NULL,	'11',	'2023-07-04',	NULL,	NULL,	NULL,	NULL,	NULL,	NULL,	NULL,	'2023-09-01',	1,	NULL,	NULL),
(415,	'Tim',	NULL,	'Miskimen',	NULL,	NULL,	2,	8,	NULL,	'11',	'2023-07-04',	NULL,	NULL,	NULL,	NULL,	NULL,	NULL,	NULL,	'2023-09-01',	1,	NULL,	NULL),
(416,	'Ryan',	NULL,	'O\'Callaghan',	NULL,	NULL,	2,	9,	NULL,	'12',	'2023-07-04',	NULL,	NULL,	NULL,	NULL,	NULL,	NULL,	NULL,	'2023-09-01',	1,	NULL,	NULL),
(417,	'Eric',	NULL,	'O\'Callaghan',	NULL,	NULL,	2,	11,	NULL,	'14',	'2023-07-04',	NULL,	NULL,	NULL,	NULL,	NULL,	NULL,	NULL,	'2023-09-01',	1,	NULL,	NULL),
(419,	'Codi',	NULL,	'Schmidt-McPhee',	NULL,	NULL,	2,	14,	NULL,	'18',	'2023-07-04',	NULL,	NULL,	NULL,	NULL,	NULL,	NULL,	NULL,	'2023-09-01',	1,	NULL,	NULL),
(420,	'Ty',	NULL,	'Sheridin',	NULL,	NULL,	2,	11,	NULL,	'14',	'2023-07-04',	NULL,	NULL,	NULL,	NULL,	NULL,	NULL,	NULL,	'2023-09-01',	1,	NULL,	NULL),
(421,	'Jacob seth',	NULL,	'Loughland',	NULL,	NULL,	2,	11,	NULL,	'14',	'2023-07-04',	NULL,	NULL,	NULL,	NULL,	NULL,	NULL,	NULL,	'2023-09-01',	1,	NULL,	NULL),
(422,	'Seth',	NULL,	'Clearwater',	NULL,	NULL,	2,	12,	NULL,	'14',	'2023-07-04',	NULL,	NULL,	NULL,	NULL,	NULL,	NULL,	NULL,	'2023-09-01',	1,	NULL,	NULL),
(423,	'Thomas',	NULL,	'Brodi-Sanger',	NULL,	NULL,	2,	13,	NULL,	'17',	'2023-07-04',	NULL,	NULL,	NULL,	NULL,	NULL,	NULL,	NULL,	'2023-09-01',	1,	NULL,	NULL),
(424,	'Mickey',	NULL,	'Matson',	NULL,	NULL,	2,	11,	NULL,	'13',	'2023-07-04',	NULL,	NULL,	NULL,	NULL,	NULL,	NULL,	NULL,	'2023-09-01',	1,	NULL,	NULL),
(425,	'Brett',	NULL,	'Portage',	NULL,	NULL,	2,	9,	NULL,	'12',	'2023-07-04',	NULL,	NULL,	NULL,	NULL,	NULL,	NULL,	NULL,	'2023-09-01',	1,	NULL,	NULL),
(426,	'Brett',	NULL,	'Nau',	NULL,	NULL,	2,	11,	NULL,	'14',	'2023-07-04',	NULL,	NULL,	NULL,	NULL,	NULL,	NULL,	NULL,	'2023-09-01',	1,	NULL,	NULL),
(427,	'David',	NULL,	'Wright',	NULL,	NULL,	2,	8,	NULL,	'11',	'2023-07-04',	NULL,	NULL,	NULL,	NULL,	NULL,	NULL,	NULL,	'2023-09-01',	1,	NULL,	NULL),
(428,	'Frankie',	NULL,	'Suthard',	NULL,	NULL,	2,	13,	NULL,	'17',	'2023-07-04',	NULL,	NULL,	NULL,	NULL,	NULL,	NULL,	NULL,	'2023-09-01',	1,	NULL,	NULL),
(429,	'Cody',	NULL,	'Suthard',	NULL,	NULL,	2,	9,	NULL,	'12',	'2023-07-04',	NULL,	NULL,	NULL,	NULL,	NULL,	NULL,	NULL,	'2023-09-01',	1,	NULL,	NULL),
(430,	'Jase',	NULL,	'Suthard',	NULL,	NULL,	2,	7,	NULL,	'10',	'2023-07-04',	NULL,	NULL,	NULL,	NULL,	NULL,	NULL,	NULL,	'2023-09-01',	1,	NULL,	NULL),
(431,	'Philip',	NULL,	'Smith-bros',	NULL,	NULL,	2,	14,	NULL,	'18',	'2023-07-04',	NULL,	NULL,	NULL,	NULL,	NULL,	NULL,	NULL,	'2023-09-01',	1,	NULL,	NULL),
(432,	'Reshet',	NULL,	'Moti',	NULL,	NULL,	2,	10,	NULL,	'13',	'2023-07-04',	NULL,	NULL,	NULL,	NULL,	NULL,	NULL,	NULL,	'2023-09-01',	1,	NULL,	NULL),
(433,	'CJ',	NULL,	'Scout',	NULL,	NULL,	2,	8,	NULL,	'11',	'2023-07-04',	NULL,	NULL,	NULL,	NULL,	NULL,	NULL,	NULL,	'2023-09-01',	1,	NULL,	NULL),
(434,	'Caleb',	NULL,	'Scout',	NULL,	NULL,	2,	7,	NULL,	'10',	'2023-07-04',	NULL,	NULL,	NULL,	NULL,	NULL,	NULL,	NULL,	'2023-09-01',	1,	NULL,	NULL),
(435,	'Chris',	NULL,	'Scout',	NULL,	NULL,	2,	8,	NULL,	'11',	'2023-07-04',	NULL,	NULL,	NULL,	NULL,	NULL,	NULL,	NULL,	'2023-09-01',	1,	NULL,	NULL),
(437,	'Misha',	NULL,	'Hotel',	NULL,	NULL,	2,	8,	NULL,	'11',	'2023-07-04',	NULL,	NULL,	NULL,	NULL,	NULL,	NULL,	NULL,	'2023-09-01',	1,	NULL,	NULL),
(438,	'Matty',	NULL,	'Aussie',	NULL,	NULL,	2,	14,	NULL,	'18',	'2023-07-04',	NULL,	NULL,	NULL,	NULL,	NULL,	NULL,	NULL,	'2023-09-01',	1,	NULL,	NULL),
(439,	'Julian',	NULL,	'Aussie',	NULL,	NULL,	2,	12,	NULL,	'15',	'2023-07-04',	NULL,	NULL,	NULL,	NULL,	NULL,	NULL,	NULL,	'2023-09-01',	1,	NULL,	NULL),
(440,	'Mikey',	NULL,	'Argy',	NULL,	NULL,	2,	10,	NULL,	'13',	'2023-07-04',	NULL,	NULL,	NULL,	NULL,	NULL,	NULL,	NULL,	'2023-09-01',	1,	NULL,	NULL),
(441,	'Sandro',	NULL,	'Argy',	NULL,	NULL,	2,	10,	NULL,	'13',	'2023-07-04',	NULL,	NULL,	NULL,	NULL,	NULL,	NULL,	NULL,	'2023-09-01',	1,	NULL,	NULL),
(442,	'Jeremy',	NULL,	'Kocher',	NULL,	NULL,	2,	10,	NULL,	'13',	'2023-07-04',	NULL,	NULL,	NULL,	NULL,	NULL,	NULL,	NULL,	'2023-09-01',	1,	NULL,	NULL),
(443,	'Zach',	NULL,	'Kocher',	NULL,	NULL,	2,	8,	NULL,	'11',	'2023-07-04',	NULL,	NULL,	NULL,	NULL,	NULL,	NULL,	NULL,	'2023-09-01',	1,	NULL,	NULL),
(444,	'Gregory',	NULL,	'Petek',	NULL,	NULL,	2,	11,	NULL,	'14',	'2023-07-04',	NULL,	NULL,	NULL,	NULL,	NULL,	NULL,	NULL,	'2023-09-01',	1,	NULL,	NULL),
(445,	'Thomas',	NULL,	'Petek',	NULL,	NULL,	2,	11,	NULL,	'14',	'2023-07-04',	NULL,	NULL,	NULL,	NULL,	NULL,	NULL,	NULL,	'2023-09-01',	1,	NULL,	NULL),
(446,	'Mark',	NULL,	'Regowski',	NULL,	NULL,	2,	11,	NULL,	'14',	'2023-07-04',	NULL,	NULL,	NULL,	NULL,	NULL,	NULL,	NULL,	'2023-09-01',	1,	NULL,	NULL),
(447,	'Randall',	NULL,	'Bolinger',	NULL,	NULL,	2,	11,	NULL,	'14',	'2023-07-04',	NULL,	NULL,	NULL,	NULL,	NULL,	NULL,	NULL,	'2023-09-01',	1,	NULL,	NULL),
(448,	'Eric',	NULL,	'Larson',	NULL,	NULL,	2,	6,	NULL,	'9',	'2023-07-04',	NULL,	NULL,	NULL,	NULL,	NULL,	NULL,	NULL,	'2023-09-01',	1,	NULL,	NULL),
(449,	'Steven',	NULL,	'Larson',	NULL,	NULL,	2,	6,	NULL,	'9',	'2023-07-04',	NULL,	NULL,	NULL,	NULL,	NULL,	NULL,	NULL,	'2023-09-01',	1,	NULL,	NULL),
(450,	'Carter',	NULL,	'Bratton',	NULL,	NULL,	2,	10,	NULL,	'13',	'2023-07-04',	NULL,	NULL,	NULL,	NULL,	NULL,	NULL,	NULL,	'2023-09-01',	1,	NULL,	NULL),
(451,	'Rotem',	NULL,	'Mathias',	NULL,	NULL,	2,	13,	NULL,	'17',	'2023-07-04',	NULL,	NULL,	NULL,	NULL,	NULL,	NULL,	NULL,	'2023-09-01',	1,	NULL,	NULL),
(452,	'Erick',	NULL,	'Johnson',	NULL,	NULL,	2,	14,	NULL,	'18',	'2023-07-04',	NULL,	NULL,	NULL,	NULL,	NULL,	NULL,	NULL,	'2023-09-01',	1,	NULL,	NULL),
(454,	'Jacob',	NULL,	'Wetterling',	NULL,	NULL,	2,	9,	NULL,	'12',	'2023-07-04',	NULL,	NULL,	NULL,	NULL,	NULL,	NULL,	NULL,	'2023-09-01',	1,	NULL,	NULL),
(455,	'Tom',	NULL,	'Daley',	NULL,	NULL,	2,	12,	NULL,	'15',	'2023-07-04',	NULL,	NULL,	NULL,	NULL,	NULL,	NULL,	NULL,	'2023-09-01',	1,	NULL,	NULL),
(456,	'Tom',	NULL,	'Danley',	NULL,	NULL,	2,	12,	NULL,	'15',	'2023-07-04',	NULL,	NULL,	NULL,	NULL,	NULL,	NULL,	NULL,	'2023-09-01',	1,	NULL,	NULL),
(457,	'Brig',	NULL,	'Miller',	NULL,	NULL,	2,	8,	NULL,	'11',	'2023-07-04',	NULL,	NULL,	NULL,	NULL,	NULL,	NULL,	NULL,	'2023-09-01',	1,	NULL,	NULL),
(458,	'Dillon',	NULL,	'Weisler',	NULL,	NULL,	2,	8,	NULL,	'11',	'2023-07-04',	NULL,	NULL,	NULL,	NULL,	NULL,	NULL,	NULL,	'2023-09-01',	1,	NULL,	NULL),
(459,	'Jaden',	NULL,	'Henline',	NULL,	NULL,	2,	10,	NULL,	'13',	'2023-07-04',	NULL,	NULL,	NULL,	NULL,	NULL,	NULL,	NULL,	'2023-09-01',	1,	NULL,	NULL),
(463,	'Ryan',	NULL,	'McManus',	NULL,	NULL,	2,	8,	NULL,	'11',	'2023-07-04',	NULL,	NULL,	NULL,	NULL,	NULL,	NULL,	NULL,	'2023-09-01',	1,	NULL,	NULL),
(464,	'Jacob',	NULL,	'Miracle',	NULL,	NULL,	2,	8,	NULL,	'11',	'2023-07-04',	NULL,	NULL,	NULL,	NULL,	NULL,	NULL,	NULL,	'2023-09-01',	1,	NULL,	NULL),
(465,	'Aiden',	NULL,	'Bryant',	NULL,	NULL,	2,	13,	NULL,	'17',	'2023-07-04',	NULL,	NULL,	NULL,	NULL,	NULL,	NULL,	NULL,	'2023-09-01',	1,	NULL,	NULL),
(466,	'Bo',	NULL,	'Folger',	NULL,	NULL,	2,	7,	NULL,	'10',	'2023-07-04',	NULL,	NULL,	NULL,	NULL,	NULL,	NULL,	NULL,	'2023-09-01',	1,	NULL,	NULL),
(467,	'Tyler',	NULL,	'Folger',	NULL,	NULL,	2,	9,	NULL,	'12',	'2023-07-04',	NULL,	NULL,	NULL,	NULL,	NULL,	NULL,	NULL,	'2023-09-01',	1,	NULL,	NULL),
(468,	'Lucas',	NULL,	'Folger',	NULL,	NULL,	2,	10,	NULL,	'14',	'2023-07-04',	NULL,	NULL,	NULL,	NULL,	NULL,	NULL,	NULL,	'2023-09-01',	1,	NULL,	NULL),
(469,	'Cort',	NULL,	'Oregon',	NULL,	NULL,	2,	11,	NULL,	'14',	'2023-07-04',	NULL,	NULL,	NULL,	NULL,	NULL,	NULL,	NULL,	'2023-09-01',	1,	NULL,	NULL),
(470,	'David',	NULL,	'Whitewolf',	NULL,	NULL,	2,	8,	NULL,	'11',	'2023-07-04',	NULL,	NULL,	NULL,	NULL,	NULL,	NULL,	NULL,	'2023-09-01',	1,	NULL,	NULL),
(471,	'Ralph',	NULL,	'Marachio',	NULL,	NULL,	2,	13,	NULL,	'17',	'2023-07-04',	NULL,	NULL,	NULL,	NULL,	NULL,	NULL,	NULL,	'2023-09-01',	1,	NULL,	NULL),
(472,	'Devon',	NULL,	'Sawa',	NULL,	NULL,	2,	14,	NULL,	'18',	'2023-07-04',	NULL,	NULL,	NULL,	NULL,	NULL,	NULL,	NULL,	'2023-09-01',	1,	NULL,	NULL),
(473,	'Greg',	NULL,	'Xenon',	NULL,	NULL,	2,	11,	NULL,	'14',	'2023-07-04',	NULL,	NULL,	NULL,	NULL,	NULL,	NULL,	NULL,	'2023-09-01',	1,	NULL,	NULL),
(474,	'Robert',	NULL,	'Irwin',	NULL,	NULL,	2,	12,	NULL,	'16',	'2023-07-04',	NULL,	NULL,	NULL,	NULL,	NULL,	NULL,	NULL,	'2023-09-01',	1,	NULL,	NULL),
(475,	'Drilon',	NULL,	'Krane',	NULL,	NULL,	2,	6,	NULL,	'9',	'2023-07-04',	NULL,	NULL,	NULL,	NULL,	NULL,	NULL,	NULL,	'2023-09-01',	1,	NULL,	NULL),
(476,	'Drin',	NULL,	'Krane',	NULL,	NULL,	2,	11,	NULL,	'14',	'2023-07-04',	NULL,	NULL,	NULL,	NULL,	NULL,	NULL,	NULL,	'2023-09-01',	1,	NULL,	NULL),
(477,	'Lucas',	NULL,	'Wallencheck',	NULL,	NULL,	2,	12,	NULL,	'16',	'2023-07-04',	NULL,	NULL,	NULL,	NULL,	NULL,	NULL,	NULL,	'2023-09-01',	1,	NULL,	NULL),
(478,	'Brian',	NULL,	'Clouds',	NULL,	NULL,	2,	9,	NULL,	'12',	'2023-07-04',	NULL,	NULL,	NULL,	NULL,	NULL,	NULL,	NULL,	'2023-09-01',	1,	NULL,	NULL),
(479,	'Charlie',	NULL,	'Bandan',	NULL,	NULL,	2,	10,	NULL,	'13',	'2023-07-04',	NULL,	NULL,	NULL,	NULL,	NULL,	NULL,	NULL,	'2023-09-01',	1,	NULL,	NULL),
(480,	'Tyler',	NULL,	'VA',	NULL,	NULL,	2,	8,	NULL,	'11',	'2023-07-04',	NULL,	NULL,	NULL,	NULL,	NULL,	NULL,	NULL,	'2023-09-01',	1,	NULL,	NULL),
(481,	'Grayson',	NULL,	'DC',	NULL,	NULL,	2,	13,	NULL,	'16',	'2023-07-04',	NULL,	NULL,	NULL,	NULL,	NULL,	NULL,	NULL,	'2023-09-01',	1,	NULL,	NULL),
(482,	'Tanner',	NULL,	'VA',	NULL,	NULL,	2,	9,	NULL,	'12',	'2023-07-04',	NULL,	NULL,	NULL,	NULL,	NULL,	NULL,	NULL,	'2023-09-01',	1,	NULL,	NULL),
(483,	'Taylor',	NULL,	'Starr',	NULL,	NULL,	2,	8,	NULL,	'11',	'2023-07-04',	NULL,	NULL,	NULL,	NULL,	NULL,	NULL,	NULL,	'2023-09-01',	1,	NULL,	NULL),
(484,	'Hunter',	NULL,	'Starr',	NULL,	NULL,	2,	8,	NULL,	'11',	'2023-07-04',	NULL,	NULL,	NULL,	NULL,	NULL,	NULL,	NULL,	'2023-09-01',	1,	NULL,	NULL),
(485,	'Thomas',	NULL,	'Tex',	NULL,	NULL,	2,	9,	NULL,	'12',	'2023-07-04',	NULL,	NULL,	NULL,	NULL,	NULL,	NULL,	NULL,	'2023-09-01',	1,	NULL,	NULL),
(486,	'Robert',	NULL,	'Burroughs',	NULL,	NULL,	2,	5,	NULL,	'9',	'2023-07-04',	NULL,	NULL,	NULL,	NULL,	NULL,	NULL,	NULL,	'2023-09-01',	1,	NULL,	NULL),
(487,	'David',	NULL,	'Anthony',	NULL,	NULL,	2,	4,	NULL,	'7',	'2023-07-04',	NULL,	NULL,	NULL,	NULL,	NULL,	NULL,	NULL,	'2023-09-01',	1,	NULL,	NULL),
(488,	'William',	NULL,	'Blakeney',	NULL,	NULL,	2,	9,	NULL,	'12',	'2023-07-04',	NULL,	NULL,	NULL,	NULL,	NULL,	NULL,	NULL,	'2023-09-01',	1,	NULL,	NULL),
(489,	'Philip',	NULL,	'Model',	NULL,	NULL,	2,	12,	NULL,	'15',	'2023-07-04',	NULL,	NULL,	NULL,	NULL,	NULL,	NULL,	NULL,	'2023-09-01',	1,	NULL,	NULL),
(490,	'Scott',	NULL,	'Allen',	NULL,	NULL,	2,	10,	NULL,	'13',	'2023-07-04',	NULL,	NULL,	NULL,	NULL,	NULL,	NULL,	NULL,	'2023-09-01',	1,	NULL,	NULL),
(491,	'Scott',	NULL,	'Drummond',	NULL,	NULL,	2,	10,	NULL,	'13',	'2023-07-04',	NULL,	NULL,	NULL,	NULL,	NULL,	NULL,	NULL,	'2023-09-01',	1,	NULL,	NULL),
(492,	'Ron',	NULL,	'Drummond',	NULL,	NULL,	2,	12,	NULL,	'16',	'2023-07-04',	NULL,	NULL,	NULL,	NULL,	NULL,	NULL,	NULL,	'2023-09-01',	1,	NULL,	NULL),
(493,	'Brett',	NULL,	'Klauss',	NULL,	NULL,	2,	10,	NULL,	'13',	'2023-07-04',	NULL,	NULL,	NULL,	NULL,	NULL,	NULL,	NULL,	'2023-09-01',	1,	NULL,	NULL),
(494,	'Jason',	NULL,	'Klauss',	NULL,	NULL,	2,	9,	NULL,	'12',	'2023-07-04',	NULL,	NULL,	NULL,	NULL,	NULL,	NULL,	NULL,	'2023-09-01',	1,	NULL,	NULL),
(496,	'Zach',	NULL,	'Garner',	NULL,	NULL,	2,	10,	NULL,	'13',	'2023-07-04',	NULL,	NULL,	NULL,	NULL,	NULL,	NULL,	NULL,	'2023-09-01',	1,	NULL,	NULL),
(497,	'Keegan',	NULL,	'Garner',	NULL,	NULL,	2,	7,	NULL,	'10',	'2023-07-04',	NULL,	NULL,	NULL,	NULL,	NULL,	NULL,	NULL,	'2023-09-01',	1,	NULL,	NULL),
(498,	'Zach',	NULL,	'Mesinko',	NULL,	NULL,	2,	10,	NULL,	'13',	'2023-07-04',	NULL,	NULL,	NULL,	NULL,	NULL,	NULL,	NULL,	'2023-09-01',	1,	NULL,	NULL),
(499,	'Adam',	NULL,	'Mesinko',	NULL,	NULL,	2,	8,	NULL,	'11',	'2023-07-04',	NULL,	NULL,	NULL,	NULL,	NULL,	NULL,	NULL,	'2023-09-01',	1,	NULL,	NULL),
(500,	'Danny',	NULL,	'Chambers',	NULL,	NULL,	2,	8,	NULL,	'11',	'2023-07-04',	NULL,	NULL,	NULL,	NULL,	NULL,	NULL,	NULL,	'2023-09-01',	1,	NULL,	NULL),
(501,	'Danny',	NULL,	'Honeycutt',	NULL,	NULL,	2,	7,	NULL,	'10',	'2023-07-04',	NULL,	NULL,	NULL,	NULL,	NULL,	NULL,	NULL,	'2023-09-01',	1,	NULL,	NULL),
(502,	'Danny',	NULL,	'Winton',	NULL,	NULL,	2,	8,	NULL,	'11',	'2023-07-04',	NULL,	NULL,	NULL,	NULL,	NULL,	NULL,	NULL,	'2023-09-01',	1,	NULL,	NULL),
(503,	'Lars',	NULL,	'Eckburg',	NULL,	NULL,	2,	11,	NULL,	'14',	'2023-07-04',	NULL,	NULL,	NULL,	NULL,	NULL,	NULL,	NULL,	'2023-09-01',	1,	NULL,	NULL),
(509,	'Duke',	'',	'Gains',	NULL,	'Duke',	2,	10,	NULL,	'13',	'2023-07-04',	'',	'',	'Waco',	NULL,	'',	'',	NULL,	'2023-09-01',	1,	NULL,	NULL),
(510,	'Jeff',	NULL,	'Mohler',	NULL,	'Jeff',	2,	14,	NULL,	'18',	'2023-07-04',	NULL,	NULL,	NULL,	NULL,	NULL,	NULL,	NULL,	'2023-09-01',	1,	NULL,	NULL),
(511,	'Andrew',	NULL,	'Mohler',	NULL,	'Andy',	2,	11,	NULL,	'14',	'2023-07-04',	NULL,	NULL,	NULL,	NULL,	NULL,	NULL,	NULL,	'2023-09-01',	1,	NULL,	NULL),
(512,	'Nathan',	'Lloyd',	'Mohler',	NULL,	NULL,	2,	14,	NULL,	'18',	'2023-07-04',	NULL,	NULL,	NULL,	NULL,	NULL,	NULL,	NULL,	'2023-09-01',	1,	NULL,	NULL),
(513,	'Jacob',	'Lloyd',	'Mohler',	NULL,	NULL,	2,	12,	NULL,	'15',	'2023-07-04',	NULL,	NULL,	NULL,	NULL,	NULL,	NULL,	NULL,	'2023-09-01',	1,	NULL,	NULL),
(514,	'Martin',	'Lloyd',	'Mohler',	NULL,	NULL,	2,	8,	NULL,	'11',	'2023-07-04',	NULL,	NULL,	NULL,	NULL,	NULL,	NULL,	NULL,	'2023-09-01',	1,	NULL,	NULL),
(515,	'Randall',	'Lloyd',	'Mohler',	NULL,	NULL,	2,	6,	NULL,	'8',	'2023-07-04',	NULL,	NULL,	NULL,	NULL,	NULL,	NULL,	NULL,	'2023-09-01',	1,	NULL,	NULL),
(516,	'Jeremy',	NULL,	'Reeder',	NULL,	NULL,	2,	7,	NULL,	'10',	'2023-07-04',	NULL,	NULL,	NULL,	NULL,	NULL,	NULL,	NULL,	'2023-09-01',	1,	NULL,	NULL),
(517,	'Ben',	NULL,	'Hawley',	NULL,	NULL,	2,	7,	NULL,	'10',	'2023-07-04',	NULL,	NULL,	NULL,	NULL,	NULL,	NULL,	NULL,	'2023-09-01',	1,	NULL,	NULL),
(518,	'Joshua',	NULL,	'Robb',	NULL,	NULL,	2,	13,	NULL,	'17',	'2023-07-04',	NULL,	NULL,	NULL,	NULL,	NULL,	NULL,	NULL,	'2023-09-01',	1,	NULL,	NULL),
(519,	'JJ',	NULL,	'Robb',	NULL,	NULL,	2,	9,	NULL,	'12',	'2023-07-04',	NULL,	NULL,	NULL,	NULL,	NULL,	NULL,	NULL,	'2023-09-01',	1,	NULL,	NULL),
(520,	'Joey',	NULL,	'Robb',	NULL,	NULL,	2,	6,	NULL,	'8',	'2023-07-04',	NULL,	NULL,	NULL,	NULL,	NULL,	NULL,	NULL,	'2023-09-01',	1,	NULL,	NULL),
(521,	'Ilia',	NULL,	'Malinin',	NULL,	'Ilia',	2,	13,	NULL,	'17',	'2023-07-04',	NULL,	NULL,	NULL,	NULL,	NULL,	NULL,	NULL,	'2023-09-01',	1,	NULL,	NULL),
(522,	'Simon',	NULL,	'Brown',	NULL,	'Simon',	2,	8,	NULL,	'11',	'2023-07-04',	NULL,	NULL,	NULL,	NULL,	NULL,	NULL,	NULL,	'2023-09-01',	1,	NULL,	NULL),
(523,	'Tyler',	'',	'Kobel',	NULL,	'Tyler',	2,	9,	NULL,	'12',	'2023-07-04',	'',	'',	'',	NULL,	'',	'',	NULL,	'2023-09-01',	1,	NULL,	NULL),
(524,	'Mario',	NULL,	'Roulette',	NULL,	'Mario',	2,	8,	NULL,	'11',	'2023-07-04',	NULL,	NULL,	NULL,	NULL,	NULL,	NULL,	NULL,	'2023-09-01',	1,	NULL,	NULL),
(525,	'Rick',	NULL,	'Dancer',	NULL,	'Ricky',	2,	9,	NULL,	'12',	'2023-07-04',	NULL,	NULL,	NULL,	NULL,	NULL,	NULL,	NULL,	'2023-09-01',	1,	NULL,	NULL),
(526,	'Gabriel',	NULL,	'Silva',	NULL,	'Gabe',	2,	14,	NULL,	'17',	'2023-07-04',	NULL,	NULL,	NULL,	NULL,	NULL,	NULL,	NULL,	'2023-09-01',	1,	NULL,	NULL),
(527,	'Joshua',	NULL,	'Kontour',	NULL,	'Josh',	2,	9,	NULL,	'12',	'2023-07-04',	NULL,	NULL,	NULL,	NULL,	NULL,	NULL,	NULL,	'2023-09-01',	1,	NULL,	NULL),
(528,	'Evan',	NULL,	'Kontour',	NULL,	NULL,	2,	13,	NULL,	'17',	'2023-07-04',	NULL,	NULL,	NULL,	NULL,	NULL,	NULL,	NULL,	'2023-09-01',	1,	NULL,	NULL),
(529,	'Joshua',	NULL,	'Dundr',	NULL,	NULL,	2,	9,	NULL,	'12',	'2023-07-04',	NULL,	NULL,	NULL,	NULL,	NULL,	NULL,	NULL,	'2023-09-01',	NULL,	NULL,	NULL),
(530,	'David',	NULL,	'Merk',	NULL,	NULL,	2,	10,	NULL,	'13',	'2023-07-04',	NULL,	NULL,	NULL,	NULL,	NULL,	NULL,	NULL,	'2023-09-01',	NULL,	NULL,	NULL),
(531,	'Charles',	NULL,	'Ridley',	NULL,	'Chaz',	2,	14,	NULL,	'18',	'2023-07-04',	NULL,	NULL,	NULL,	NULL,	NULL,	NULL,	NULL,	'2023-09-01',	1,	NULL,	NULL),
(532,	'Johnathan',	NULL,	'Ridley',	NULL,	'John',	2,	12,	NULL,	'16',	'2023-07-04',	NULL,	NULL,	NULL,	NULL,	NULL,	NULL,	NULL,	'2023-09-01',	1,	NULL,	NULL),
(533,	'Paul',	NULL,	'Ridley',	NULL,	NULL,	2,	10,	NULL,	'13',	'2023-07-04',	NULL,	NULL,	NULL,	NULL,	NULL,	NULL,	NULL,	'2023-09-01',	1,	NULL,	NULL);

DROP TABLE IF EXISTS `tbl_suffix`;
CREATE TABLE `tbl_suffix` (
  `suffix_id` int(11) NOT NULL AUTO_INCREMENT,
  `suffix` varchar(45) NOT NULL,
  PRIMARY KEY (`suffix_id`)
) ENGINE=InnoDB DEFAULT CHARSET=utf8mb4 COLLATE=utf8mb4_general_ci;

INSERT INTO `tbl_suffix` (`suffix_id`, `suffix`) VALUES
(1,	'Jr.'),
(2,	'Sr.'),
(3,	'I'),
(4,	'II'),
(5,	'III'),
(6,	'IV'),
(7,	'V'),
(8,	'None');

DROP TABLE IF EXISTS `tbl_users`;
CREATE TABLE `tbl_users` (
  `id` int(11) NOT NULL AUTO_INCREMENT,
  `prefix_id` int(11) DEFAULT NULL,
  `first_name` varchar(50) DEFAULT NULL,
  `last_name` varchar(50) DEFAULT NULL,
  `suffix_id` int(11) DEFAULT NULL,
  `role_id` int(11) DEFAULT NULL,
  `username` varchar(50) DEFAULT NULL,
  `password` varchar(255) DEFAULT NULL,
  `email` varchar(100) DEFAULT NULL,
  `phone_number` varchar(20) DEFAULT NULL,
  `date_of_birth` date DEFAULT NULL,
  `address` varchar(255) DEFAULT NULL,
  `address2` varchar(255) DEFAULT NULL,
  `city` varchar(255) DEFAULT NULL,
  `state_id` int(11) DEFAULT NULL,
  `zip` varchar(255) DEFAULT NULL,
  `profile_picture` varchar(255) DEFAULT NULL,
  `account_status_id` int(11) DEFAULT NULL,
  `registration_date` timestamp NULL DEFAULT current_timestamp(),
  PRIMARY KEY (`id`),
  KEY `prefix_id` (`prefix_id`),
  KEY `suffix_id` (`suffix_id`),
  KEY `role_id` (`role_id`),
  KEY `state_id` (`state_id`),
  KEY `account_status_id` (`account_status_id`),
  CONSTRAINT `tbl_users_ibfk_1` FOREIGN KEY (`prefix_id`) REFERENCES `tbl_prefix` (`prefix_id`),
  CONSTRAINT `tbl_users_ibfk_2` FOREIGN KEY (`suffix_id`) REFERENCES `tbl_suffix` (`suffix_id`),
  CONSTRAINT `tbl_users_ibfk_3` FOREIGN KEY (`role_id`) REFERENCES `tbl_role` (`role_id`),
  CONSTRAINT `tbl_users_ibfk_4` FOREIGN KEY (`state_id`) REFERENCES `tbl_state` (`state_id`),
  CONSTRAINT `tbl_users_ibfk_5` FOREIGN KEY (`account_status_id`) REFERENCES `tbl_status` (`student_status_id`)
) ENGINE=InnoDB DEFAULT CHARSET=utf8mb4 COLLATE=utf8mb4_general_ci;

INSERT INTO `tbl_users` (`id`, `prefix_id`, `first_name`, `last_name`, `suffix_id`, `role_id`, `username`, `password`, `email`, `phone_number`, `date_of_birth`, `address`, `address2`, `city`, `state_id`, `zip`, `profile_picture`, `account_status_id`, `registration_date`) VALUES
(3,	1,	'Tim',	'Holmes',	8,	7,	'taholmes160',	'$2b$12$5Fexxcykibvc2TwTDWZwMukQWVrg84UugXvqYQ9dyxlznN1X5WjjO',	'taholmes160@gmail.com',	'3304198306',	'1968-12-18',	'2741 Lester Rd',	'',	'Medina',	35,	'44256',	NULL,	1,	'2023-10-26 00:34:13');

-- 2023-11-03 18:27:47
